added,channel_count,total_capacity,tor_nodes,clearnet_nodes,unannounced_nodes,clearnet_tor_nodes,date_utc,total_capacity_btc,avg_channel_capacity_sat,interval,snapshot_fetched_at_utc
1694649600,67921,485662959960,10753,2130,1038,1496,2023-09-14T00:00:00Z,4856.6295996,7150409.44567954,3y,2026-09-13T15:54:49Z
1694736000,67720,485541938162,10681,2132,1035,1495,2023-09-15T00:00:00Z,4855.41938162,7169845.513319551,3y,2026-09-13T15:54:49Z
1694822400,67813,486390678801,10692,2135,1037,1498,2023-09-16T00:00:00Z,4863.90678801,7172528.553536932,3y,2026-09-13T15:54:49Z
1694908800,68034,488069741887,10718,2135,1039,1500,2023-09-17T00:00:00Z,4880.69741887,7173909.24959579,3y,2026-09-13T15:54:49Z
1694995200,68083,488709278929,10748,2131,1045,1499,2023-09-18T00:00:00Z,4887.09278929,7178139.607963809,3y,2026-09-13T15:54:49Z
1695081600,68335,490049783022,10795,2135,1053,1502,2023-09-19T00:00:00Z,4900.49783022,7171285.32994805,3y,2026-09-13T15:54:49Z
1695168000,68720,492482244449,10876,2136,1050,1511,2023-09-20T00:00:00Z,4924.82244449,7166505.30339057,3y,2026-09-13T15:54:49Z
1695254400,68769,492477832534,10887,2142,1054,1510,2023-09-21T00:00:00Z,4924.77832534,7161334.795242042,3y,2026-09-13T15:54:49Z
1695340800,68676,489066394867,10882,2136,1048,1511,2023-09-22T00:00:00Z,4890.66394867,7121358.18724154,3y,2026-09-13T15:54:49Z
1695427200,68888,490185938358,10932,2142,1049,1516,2023-09-23T00:00:00Z,4901.85938358,7115694.146411567,3y,2026-09-13T15:54:49Z
1695513600,67435,476146305607,10853,2143,1053,1509,2023-09-24T00:00:00Z,4761.46305607,7060818.649173278,3y,2026-09-13T15:54:49Z
1695600000,66937,472933168826,10805,2139,1053,1506,2023-09-25T00:00:00Z,4729.33168826,7065347.548082525,3y,2026-09-13T15:54:49Z
1695686400,65878,448512909303,10786,2128,1047,1505,2023-09-26T00:00:00Z,4485.12909303,6808235.060308449,3y,2026-09-13T15:54:49Z
1695772800,64066,445461821475,10495,1965,973,1492,2023-09-27T00:00:00Z,4454.61821475,6953170.503465177,3y,2026-09-13T15:54:49Z
1695859200,64057,447563698549,10480,1963,961,1494,2023-09-28T00:00:00Z,4475.63698549,6986960.028552695,3y,2026-09-13T15:54:49Z
1695945600,63979,449134759801,10438,1957,955,1492,2023-09-29T00:00:00Z,4491.34759801,7020034.070570031,3y,2026-09-13T15:54:49Z
1696032000,63976,450995659958,10446,1950,952,1494,2023-09-30T00:00:00Z,4509.95659958,7049450.730867825,3y,2026-09-13T15:54:49Z
1696118400,63108,450477569403,10249,1847,896,1469,2023-10-01T00:00:00Z,4504.77569403,7138200.694095836,3y,2026-09-13T15:54:49Z
1696204800,63063,477799178642,10150,1841,889,1463,2023-10-02T00:00:00Z,4777.99178642,7576537.4092891235,3y,2026-09-13T15:54:49Z
1696291200,63511,503261691836,10143,1833,892,1458,2023-10-03T00:00:00Z,5032.61691836,7924008.310938262,3y,2026-09-13T15:54:49Z
1696377600,63801,530062169557,10162,1835,886,1460,2023-10-04T00:00:00Z,5300.62169557,8308054.25552891,3y,2026-09-13T15:54:49Z
1696464000,63843,532433068877,10158,1832,894,1458,2023-10-05T00:00:00Z,5324.33068877,8339725.089312846,3y,2026-09-13T15:54:49Z
1696550400,63701,533595492040,10115,1834,888,1455,2023-10-06T00:00:00Z,5335.9549204,8376563.82223199,3y,2026-09-13T15:54:49Z
1696636800,63786,534657649099,10129,1834,888,1454,2023-10-07T00:00:00Z,5346.57649099,8382053.257752485,3y,2026-09-13T15:54:49Z
1696723200,63783,535080305397,10144,1837,893,1456,2023-10-08T00:00:00Z,5350.80305397,8389073.975777244,3y,2026-09-13T15:54:49Z
1696809600,63574,530019569168,10102,1828,885,1455,2023-10-09T00:00:00Z,5300.19569168,8337049.25233586,3y,2026-09-13T15:54:49Z
1696896000,63565,524247293697,10117,1830,891,1453,2023-10-10T00:00:00Z,5242.47293697,8247420.651254621,3y,2026-09-13T15:54:49Z
1696982400,63406,524174597494,10119,1829,898,1453,2023-10-11T00:00:00Z,5241.74597494,8266955.769075482,3y,2026-09-13T15:54:49Z
1697068800,63530,527352901350,10134,1835,898,1452,2023-10-12T00:00:00Z,5273.5290135,8300848.439320006,3y,2026-09-13T15:54:49Z
1697155200,63422,530773822269,10091,1829,889,1449,2023-10-13T00:00:00Z,5307.73822269,8368922.807054334,3y,2026-09-13T15:54:49Z
1697241600,63486,533224999596,10095,1827,894,1449,2023-10-14T00:00:00Z,5332.24999596,8399095.85729137,3y,2026-09-13T15:54:49Z
1697328000,63646,534516805295,10109,1830,901,1448,2023-10-15T00:00:00Z,5345.16805295,8398278.058244037,3y,2026-09-13T15:54:49Z
1697414400,63532,537267485917,10048,1822,893,1447,2023-10-16T00:00:00Z,5372.67485917,8456643.674321601,3y,2026-09-13T15:54:49Z
1697500800,63529,540821657816,10012,1821,887,1448,2023-10-17T00:00:00Z,5408.21657816,8512988.679437738,3y,2026-09-13T15:54:49Z
1697587200,63543,542638567026,10006,1823,883,1451,2023-10-18T00:00:00Z,5426.38567026,8539706.451159058,3y,2026-09-13T15:54:49Z
1697673600,63529,542490414382,9987,1820,885,1455,2023-10-19T00:00:00Z,5424.90414382,8539256.31415574,3y,2026-09-13T15:54:49Z
1697760000,63237,543511613174,9896,1819,888,1446,2023-10-20T00:00:00Z,5435.11613174,8594835.510444835,3y,2026-09-13T15:54:49Z
1697846400,62962,539718385000,9886,1821,885,1442,2023-10-21T00:00:00Z,5397.18385,8572128.98256091,3y,2026-09-13T15:54:49Z
1697932800,62510,535948405726,9884,1821,892,1431,2023-10-22T00:00:00Z,5359.48405726,8573802.68318669,3y,2026-09-13T15:54:49Z
1698019200,62476,528148579775,9892,1810,885,1431,2023-10-23T00:00:00Z,5281.48579775,8453623.46781164,3y,2026-09-13T15:54:49Z
1698105600,62451,529244692286,9902,1812,885,1434,2023-10-24T00:00:00Z,5292.44692286,8474559.130934652,3y,2026-09-13T15:54:49Z
1698192000,62374,529217112954,9905,1812,889,1435,2023-10-25T00:00:00Z,5292.17112954,8484578.717959406,3y,2026-09-13T15:54:49Z
1698278400,62275,528549256851,9807,1812,893,1438,2023-10-26T00:00:00Z,5285.49256851,8487342.542769972,3y,2026-09-13T15:54:49Z
1698364800,62212,530578549177,9768,1819,882,1431,2023-10-27T00:00:00Z,5305.78549177,8528556.374606185,3y,2026-09-13T15:54:49Z
1698451200,62256,531315775494,9775,1819,887,1440,2023-10-28T00:00:00Z,5313.15775494,8534370.590690054,3y,2026-09-13T15:54:49Z
1698537600,62350,532131489734,9779,1818,892,1438,2023-10-29T00:00:00Z,5321.31489734,8534586.844170008,3y,2026-09-13T15:54:49Z
1698624000,62073,533506954768,9733,1815,891,1442,2023-10-30T00:00:00Z,5335.06954768,8594831.162792196,3y,2026-09-13T15:54:49Z
1698710400,62111,533662588845,9739,1814,890,1450,2023-10-31T00:00:00Z,5336.62588845,8592078.518217385,3y,2026-09-13T15:54:49Z
1698796800,62170,535629794727,9754,1817,893,1453,2023-11-01T00:00:00Z,5356.29794727,8615566.908911051,3y,2026-09-13T15:54:49Z
1698883200,62297,535925489149,9775,1821,890,1453,2023-11-02T00:00:00Z,5359.25489149,8602749.556944957,3y,2026-09-13T15:54:49Z
1698969600,62226,536678706233,9738,1821,893,1455,2023-11-03T00:00:00Z,5366.78706233,8624669.85236075,3y,2026-09-13T15:54:49Z
1699056000,62339,536872275081,9759,1821,893,1456,2023-11-04T00:00:00Z,5368.72275081,8612141.277226135,3y,2026-09-13T15:54:49Z
1699142400,62393,538450286383,9772,1821,898,1459,2023-11-05T00:00:00Z,5384.50286383,8629979.106358085,3y,2026-09-13T15:54:49Z
1699228800,62242,538250313948,9744,1825,896,1460,2023-11-06T00:00:00Z,5382.50313948,8647702.740079047,3y,2026-09-13T15:54:49Z
1699315200,62261,536330480409,9761,1824,899,1462,2023-11-07T00:00:00Z,5363.30480409,8614228.496313903,3y,2026-09-13T15:54:49Z
1699401600,62334,536664156595,9781,1825,910,1463,2023-11-08T00:00:00Z,5366.64156595,8609493.319777329,3y,2026-09-13T15:54:49Z
1699488000,62344,535729822141,9798,1825,903,1465,2023-11-09T00:00:00Z,5357.29822141,8593125.595742974,3y,2026-09-13T15:54:49Z
1699574400,62190,533926799725,9812,1821,898,1467,2023-11-10T00:00:00Z,5339.26799725,8585412.441308891,3y,2026-09-13T15:54:49Z
1699660800,62172,534336891167,9825,1823,900,1470,2023-11-11T00:00:00Z,5343.36891167,8594494.164044907,3y,2026-09-13T15:54:49Z
1699747200,62248,534344064959,9850,1826,903,1470,2023-11-12T00:00:00Z,5343.44064959,8584116.19584565,3y,2026-09-13T15:54:49Z
1699833600,62041,534941335451,9805,1823,896,1466,2023-11-13T00:00:00Z,5349.41335451,8622384.15646105,3y,2026-09-13T15:54:49Z
1699920000,62031,535823965313,9816,1822,900,1467,2023-11-14T00:00:00Z,5358.23965313,8638003.019667586,3y,2026-09-13T15:54:49Z
1700006400,61984,536491571285,9818,1823,901,1470,2023-11-15T00:00:00Z,5364.91571285,8655323.491304208,3y,2026-09-13T15:54:49Z
1700092800,61996,536467686746,9823,1824,904,1470,2023-11-16T00:00:00Z,5364.67686746,8653262.899961287,3y,2026-09-13T15:54:49Z
1700179200,61769,535223343967,9773,1818,899,1466,2023-11-17T00:00:00Z,5352.23343967,8664918.388949148,3y,2026-09-13T15:54:49Z
1700265600,61777,536624738776,9783,1817,903,1464,2023-11-18T00:00:00Z,5366.24738776,8686481.033005811,3y,2026-09-13T15:54:49Z
1700352000,61771,536642724276,9791,1819,904,1464,2023-11-19T00:00:00Z,5366.42724276,8687615.940748895,3y,2026-09-13T15:54:49Z
1700438400,61422,538919732177,9708,1811,888,1444,2023-11-20T00:00:00Z,5389.19732177,8774050.5385204,3y,2026-09-13T15:54:49Z
1700524800,61456,540157831724,9727,1810,894,1446,2023-11-21T00:00:00Z,5401.57831724,8789342.484444154,3y,2026-09-13T15:54:49Z
1700611200,61494,542926267572,9741,1815,892,1448,2023-11-22T00:00:00Z,5429.26267572,8828930.750512244,3y,2026-09-13T15:54:49Z
1700697600,61518,542747200870,9750,1816,899,1449,2023-11-23T00:00:00Z,5427.4720087,8822575.520498065,3y,2026-09-13T15:54:49Z
1700784000,60952,541874706836,9630,1813,894,1440,2023-11-24T00:00:00Z,5418.74706836,8890187.472699828,3y,2026-09-13T15:54:49Z
1700870400,60992,542629913546,9650,1814,889,1437,2023-11-25T00:00:00Z,5426.29913546,8896739.138673924,3y,2026-09-13T15:54:49Z
1700956800,60971,541791159155,9654,1811,902,1437,2023-11-26T00:00:00Z,5417.91159155,8886046.795279723,3y,2026-09-13T15:54:49Z
1701043200,60737,541604987151,9629,1814,891,1440,2023-11-27T00:00:00Z,5416.04987151,8917216.641437674,3y,2026-09-13T15:54:49Z
1701129600,60577,538060152943,9628,1810,892,1438,2023-11-28T00:00:00Z,5380.60152943,8882251.563184047,3y,2026-09-13T15:54:49Z
1701216000,60568,539509555041,9643,1814,891,1438,2023-11-29T00:00:00Z,5395.09555041,8907501.569161933,3y,2026-09-13T15:54:49Z
1701302400,60472,510378318599,9664,1811,893,1438,2023-11-30T00:00:00Z,5103.78318599,8439911.340769282,3y,2026-09-13T15:54:49Z
1701388800,60098,511364240104,9502,1814,887,1433,2023-12-01T00:00:00Z,5113.64240104,8508839.56377916,3y,2026-09-13T15:54:49Z
1701475200,60160,514051424482,9513,1818,889,1433,2023-12-02T00:00:00Z,5140.51424482,8544737.773969416,3y,2026-09-13T15:54:49Z
1701561600,60237,514230853526,9543,1818,890,1434,2023-12-03T00:00:00Z,5142.30853526,8536793.889569534,3y,2026-09-13T15:54:49Z
1701648000,60020,509415833980,9499,1813,891,1430,2023-12-04T00:00:00Z,5094.1583398,8487434.754748417,3y,2026-09-13T15:54:49Z
1701734400,60005,508607223243,9531,1815,889,1436,2023-12-05T00:00:00Z,5086.07223243,8476080.7139905,3y,2026-09-13T15:54:49Z
1701820800,59998,509385073295,9541,1816,890,1435,2023-12-06T00:00:00Z,5093.85073295,8490034.222724091,3y,2026-09-13T15:54:49Z
1701907200,60028,509088183023,9559,1814,893,1438,2023-12-07T00:00:00Z,5090.88183023,8480845.322566137,3y,2026-09-13T15:54:49Z
1701993600,59840,509965771885,9535,1812,881,1434,2023-12-08T00:00:00Z,5099.65771885,8522155.278826872,3y,2026-09-13T15:54:49Z
1702080000,59843,510341674731,9545,1817,888,1441,2023-12-09T00:00:00Z,5103.41674731,8528009.537138846,3y,2026-09-13T15:54:49Z
1702166400,59879,510520711864,9565,1818,887,1440,2023-12-10T00:00:00Z,5105.20711864,8525872.373686936,3y,2026-09-13T15:54:49Z
1702252800,59649,506359326445,9540,1815,886,1435,2023-12-11T00:00:00Z,5063.59326445,8488982.655953998,3y,2026-09-13T15:54:49Z
1702339200,59659,506441281762,9549,1815,898,1432,2023-12-12T00:00:00Z,5064.41281762,8488933.467909284,3y,2026-09-13T15:54:49Z
1702425600,59695,507122082232,9557,1817,898,1433,2023-12-13T00:00:00Z,5071.22082232,8495218.73242315,3y,2026-09-13T15:54:49Z
1702512000,59728,507400794687,9562,1817,909,1431,2023-12-14T00:00:00Z,5074.00794687,8495191.446005223,3y,2026-09-13T15:54:49Z
1702598400,59565,506700042881,9530,1818,897,1435,2023-12-15T00:00:00Z,5067.00042881,8506674.10192227,3y,2026-09-13T15:54:49Z
1702684800,59557,507341692140,9539,1817,901,1432,2023-12-16T00:00:00Z,5073.4169214,8518590.46191044,3y,2026-09-13T15:54:49Z
1702771200,59562,507232666644,9555,1822,894,1433,2023-12-17T00:00:00Z,5072.32666644,8516044.905208018,3y,2026-09-13T15:54:49Z
1702857600,59466,506494570405,9524,1818,896,1433,2023-12-18T00:00:00Z,5064.94570405,8517380.863098241,3y,2026-09-13T15:54:49Z
1702944000,59492,505925695451,9542,1821,896,1435,2023-12-19T00:00:00Z,5059.25695451,8504096.272624891,3y,2026-09-13T15:54:49Z
1703030400,59501,505589608045,9554,1821,897,1435,2023-12-20T00:00:00Z,5055.89608045,8497161.52745332,3y,2026-09-13T15:54:49Z
1703116800,59538,506286912824,9562,1822,894,1436,2023-12-21T00:00:00Z,5062.86912824,8503592.87890087,3y,2026-09-13T15:54:49Z
1703203200,59419,506299517773,9524,1818,891,1433,2023-12-22T00:00:00Z,5062.99517773,8520835.385533247,3y,2026-09-13T15:54:49Z
1703289600,59366,501166929685,9536,1817,891,1433,2023-12-23T00:00:00Z,5011.66929685,8441985.811491426,3y,2026-09-13T15:54:49Z
1703376000,59374,500707771070,9539,1817,891,1434,2023-12-24T00:00:00Z,5007.0777107,8433115.017852932,3y,2026-09-13T15:54:49Z
1703462400,59324,501628234457,9529,1818,891,1433,2023-12-25T00:00:00Z,5016.28234457,8455738.5620828,3y,2026-09-13T15:54:49Z
1703548800,59320,501437904385,9543,1816,893,1433,2023-12-26T00:00:00Z,5014.37904385,8453100.208782872,3y,2026-09-13T15:54:49Z
1703635200,59403,504487742002,9548,1819,895,1432,2023-12-27T00:00:00Z,5044.87742002,8492630.708920425,3y,2026-09-13T15:54:49Z
1703721600,59372,506150420105,9555,1819,902,1431,2023-12-28T00:00:00Z,5061.50420105,8525069.394748366,3y,2026-09-13T15:54:49Z
1703808000,59289,504548955086,9556,1816,890,1439,2023-12-29T00:00:00Z,5045.48955086,8509992.66450775,3y,2026-09-13T15:54:49Z
1703894400,59300,503485076132,9570,1818,903,1440,2023-12-30T00:00:00Z,5034.85076132,8490473.459224284,3y,2026-09-13T15:54:49Z
1703980800,59306,503801839137,9592,1821,897,1439,2023-12-31T00:00:00Z,5038.01839137,8494955.639176475,3y,2026-09-13T15:54:49Z
1704067200,59138,502396062557,9588,1819,901,1441,2024-01-01T00:00:00Z,5023.96062557,8495317.098261693,3y,2026-09-13T15:54:49Z
1704153600,59036,499457040916,9594,1819,904,1442,2024-01-02T00:00:00Z,4994.57040916,8460211.41195203,3y,2026-09-13T15:54:49Z
1704240000,59029,500447263592,9617,1821,912,1441,2024-01-03T00:00:00Z,5004.47263592,8477989.862474376,3y,2026-09-13T15:54:49Z
1704326400,58989,501983108819,9630,1823,908,1442,2024-01-04T00:00:00Z,5019.83108819,8509774.853260778,3y,2026-09-13T15:54:49Z
1704412800,59041,502683561633,9658,1824,908,1442,2024-01-05T00:00:00Z,5026.83561633,8514143.758286614,3y,2026-09-13T15:54:49Z
1704499200,54703,487671141474,8482,1733,804,1348,2024-01-06T00:00:00Z,4876.71141474,8914888.424291173,3y,2026-09-13T15:54:49Z
1704585600,58637,503036965991,9567,1821,896,1428,2024-01-07T00:00:00Z,5030.36965991,8578831.897794908,3y,2026-09-13T15:54:49Z
1704672000,58693,505326915136,9570,1825,898,1432,2024-01-08T00:00:00Z,5053.26915136,8609662.398173546,3y,2026-09-13T15:54:49Z
1704758400,58729,507259535412,9587,1824,896,1435,2024-01-09T00:00:00Z,5072.59535412,8637292.230618604,3y,2026-09-13T15:54:49Z
1704844800,58444,507839253881,9530,1807,885,1426,2024-01-10T00:00:00Z,5078.39253881,8689330.878807062,3y,2026-09-13T15:54:49Z
1704931200,58251,485040909143,9550,1814,897,1429,2024-01-11T00:00:00Z,4850.40909143,8326739.612075329,3y,2026-09-13T15:54:49Z
1705017600,58231,484587088035,9552,1821,902,1432,2024-01-12T00:00:00Z,4845.87088035,8321806.04892583,3y,2026-09-13T15:54:49Z
1705104000,52221,469044689442,7892,1422,637,1290,2024-01-13T00:00:00Z,4690.44689442,8981917.03418165,3y,2026-09-13T15:54:49Z
1705190400,58288,485094020805,9587,1818,913,1437,2024-01-14T00:00:00Z,4850.94020805,8322365.1661577,3y,2026-09-13T15:54:49Z
1705276800,58316,487091086371,9598,1817,912,1436,2024-01-15T00:00:00Z,4870.91086371,8352614.829052061,3y,2026-09-13T15:54:49Z
1705363200,58379,490078030353,9614,1819,918,1438,2024-01-16T00:00:00Z,4900.78030353,8394765.760855787,3y,2026-09-13T15:54:49Z
1705449600,58251,490641939824,9583,1825,903,1434,2024-01-17T00:00:00Z,4906.41939824,8422892.994523698,3y,2026-09-13T15:54:49Z
1705536000,58224,490016708473,9594,1827,912,1434,2024-01-18T00:00:00Z,4900.16708473,8416060.532993268,3y,2026-09-13T15:54:49Z
1705622400,58230,492624608292,9596,1828,913,1431,2024-01-19T00:00:00Z,4926.24608292,8459979.53446677,3y,2026-09-13T15:54:49Z
1705708800,49293,471046197622,6447,1432,628,1211,2024-01-20T00:00:00Z,4710.46197622,9556046.449232142,3y,2026-09-13T15:54:49Z
1705795200,58125,493539609890,9565,1828,912,1429,2024-01-21T00:00:00Z,4935.3960989,8491004.04111828,3y,2026-09-13T15:54:49Z
1705881600,58191,495343115703,9576,1829,920,1431,2024-01-22T00:00:00Z,4953.43115703,8512366.443315977,3y,2026-09-13T15:54:49Z
1705968000,58177,489952313229,9592,1833,910,1433,2024-01-23T00:00:00Z,4899.52313229,8421752.810028018,3y,2026-09-13T15:54:49Z
1706054400,57882,488844278834,9527,1828,900,1423,2024-01-24T00:00:00Z,4888.44278834,8445531.924156042,3y,2026-09-13T15:54:49Z
1706140800,58054,490148396451,9583,1831,906,1428,2024-01-25T00:00:00Z,4901.48396451,8442973.721896855,3y,2026-09-13T15:54:49Z
1706227200,57889,490809190998,9586,1829,903,1430,2024-01-26T00:00:00Z,4908.09190998,8478453.436715093,3y,2026-09-13T15:54:49Z
1706313600,57965,491276687778,9598,1831,906,1430,2024-01-27T00:00:00Z,4912.76687778,8475402.187147416,3y,2026-09-13T15:54:49Z
1706400000,57876,493201842848,9559,1824,901,1432,2024-01-28T00:00:00Z,4932.01842848,8521698.853548966,3y,2026-09-13T15:54:49Z
1706486400,57907,494278984434,9565,1825,905,1431,2024-01-29T00:00:00Z,4942.78984434,8535738.070250574,3y,2026-09-13T15:54:49Z
1706572800,57997,497791268911,9569,1822,908,1429,2024-01-30T00:00:00Z,4977.91268911,8583052.035639774,3y,2026-09-13T15:54:49Z
1706659200,58147,498880571479,9613,1834,935,1436,2024-01-31T00:00:00Z,4988.80571479,8579644.203123119,3y,2026-09-13T15:54:49Z
1706745600,58096,499926238682,9626,1834,936,1435,2024-02-01T00:00:00Z,4999.26238682,8605174.860265767,3y,2026-09-13T15:54:49Z
1706832000,58028,499270996172,9622,1831,938,1437,2024-02-02T00:00:00Z,4992.70996172,8603966.984421315,3y,2026-09-13T15:54:49Z
1706918400,52805,482202043123,8081,1718,784,1307,2024-02-03T00:00:00Z,4822.02043123,9131749.704062115,3y,2026-09-13T15:54:49Z
1707004800,57792,498753657633,9640,1829,927,1441,2024-02-04T00:00:00Z,4987.53657633,8630150.498909883,3y,2026-09-13T15:54:49Z
1707091200,57773,498922165056,9648,1828,933,1440,2024-02-05T00:00:00Z,4989.22165056,8635905.44122687,3y,2026-09-13T15:54:49Z
1707177600,57692,498870932547,9652,1830,926,1443,2024-02-06T00:00:00Z,4988.70932547,8647142.282240173,3y,2026-09-13T15:54:49Z
1707264000,57064,480120508321,9535,1815,916,1430,2024-02-07T00:00:00Z,4801.20508321,8413719.828981495,3y,2026-09-13T15:54:49Z
1707350400,56970,481187676537,9549,1818,917,1426,2024-02-08T00:00:00Z,4811.87676537,8446334.501263823,3y,2026-09-13T15:54:49Z
1707436800,56928,482478473309,9534,1818,918,1429,2024-02-09T00:00:00Z,4824.78473309,8475240.186006885,3y,2026-09-13T15:54:49Z
1707523200,45177,455910176194,5535,840,442,1108,2024-02-10T00:00:00Z,4559.10176194,10091643.45118091,3y,2026-09-13T15:54:49Z
1707609600,56046,481856470360,9366,1806,902,1410,2024-02-11T00:00:00Z,4818.5647036,8597517.581272526,3y,2026-09-13T15:54:49Z
1707696000,55723,480902822916,9314,1806,901,1399,2024-02-12T00:00:00Z,4809.02822916,8630239.271324228,3y,2026-09-13T15:54:49Z
1707782400,55862,483184256020,9321,1810,908,1398,2024-02-13T00:00:00Z,4831.8425602,8649605.38505603,3y,2026-09-13T15:54:49Z
1707868800,55646,484349376759,9265,1808,897,1397,2024-02-14T00:00:00Z,4843.49376759,8704118.476781799,3y,2026-09-13T15:54:49Z
1707955200,55598,484645126243,9288,1806,910,1399,2024-02-15T00:00:00Z,4846.45126243,8716952.520648224,3y,2026-09-13T15:54:49Z
1708041600,55450,484748191426,9296,1807,902,1398,2024-02-16T00:00:00Z,4847.48191426,8742077.392714158,3y,2026-09-13T15:54:49Z
1708128000,44962,448635349186,5552,973,474,1127,2024-02-17T00:00:00Z,4486.35349186,9978100.377785686,3y,2026-09-13T15:54:49Z
1708214400,55117,470810800801,9303,1812,899,1402,2024-02-18T00:00:00Z,4708.10800801,8542025.161039244,3y,2026-09-13T15:54:49Z
1708300800,55012,470565342167,9294,1813,894,1398,2024-02-19T00:00:00Z,4705.65342167,8553867.195648221,3y,2026-09-13T15:54:49Z
1708387200,54940,470679113777,9295,1813,895,1399,2024-02-20T00:00:00Z,4706.79113777,8567148.048361849,3y,2026-09-13T15:54:49Z
1708473600,54621,473217015830,9240,1813,847,1389,2024-02-21T00:00:00Z,4732.1701583,8663646.140312335,3y,2026-09-13T15:54:49Z
1708560000,54766,474840726080,9284,1811,853,1403,2024-02-22T00:00:00Z,4748.4072608,8670356.171347186,3y,2026-09-13T15:54:49Z
1708646400,54808,465468556747,9303,1810,863,1408,2024-02-23T00:00:00Z,4654.68556747,8492711.95349219,3y,2026-09-13T15:54:49Z
1708732800,54888,464358071817,9314,1811,867,1412,2024-02-24T00:00:00Z,4643.58071817,8460101.87685833,3y,2026-09-13T15:54:49Z
1708819200,54656,461784221988,9297,1815,856,1399,2024-02-25T00:00:00Z,4617.84221988,8448920.923375294,3y,2026-09-13T15:54:49Z
1708905600,54718,465672369729,9294,1815,860,1401,2024-02-26T00:00:00Z,4656.72369729,8510405.528875325,3y,2026-09-13T15:54:49Z
1708992000,54765,466918807200,9311,1817,856,1407,2024-02-27T00:00:00Z,4669.188072,8525861.5393043,3y,2026-09-13T15:54:49Z
1709078400,54677,462933225481,9262,1812,860,1397,2024-02-28T00:00:00Z,4629.33225481,8466690.299047131,3y,2026-09-13T15:54:49Z
1709164800,54676,458269526821,9306,1813,863,1403,2024-02-29T00:00:00Z,4582.69526821,8381548.1531384885,3y,2026-09-13T15:54:49Z
1709251200,54734,461299374773,9315,1811,868,1402,2024-03-01T00:00:00Z,4612.99374773,8428022.340282092,3y,2026-09-13T15:54:49Z
1709337600,43971,437741873563,5520,837,404,1115,2024-03-02T00:00:00Z,4377.41873563,9955240.353028132,3y,2026-09-13T15:54:49Z
1709424000,54522,461017515817,9299,1802,856,1395,2024-03-03T00:00:00Z,4610.17515817,8455623.708172848,3y,2026-09-13T15:54:49Z
1709510400,54600,462151872120,9307,1804,858,1394,2024-03-04T00:00:00Z,4621.5187212,8464320.002197802,3y,2026-09-13T15:54:49Z
1709596800,54587,462551400071,9344,1808,855,1392,2024-03-05T00:00:00Z,4625.51400071,8473654.900818877,3y,2026-09-13T15:54:49Z
1709683200,54244,460565482226,9296,1799,843,1386,2024-03-06T00:00:00Z,4605.65482226,8490625.363653123,3y,2026-09-13T15:54:49Z
1709769600,54183,456238586577,9316,1804,846,1389,2024-03-07T00:00:00Z,4562.38586577,8420327.161231382,3y,2026-09-13T15:54:49Z
1709856000,54201,458069311109,9331,1806,849,1391,2024-03-08T00:00:00Z,4580.69311109,8451307.37641372,3y,2026-09-13T15:54:49Z
1709942400,54132,457548792106,9331,1803,850,1390,2024-03-09T00:00:00Z,4575.48792106,8452464.200583758,3y,2026-09-13T15:54:49Z
1710028800,53842,457777547605,9210,1791,846,1391,2024-03-10T00:00:00Z,4577.77547605,8502238.913951933,3y,2026-09-13T15:54:49Z
1710115200,53814,458454523621,9209,1786,850,1395,2024-03-11T00:00:00Z,4584.54523621,8519242.643568588,3y,2026-09-13T15:54:49Z
1710201600,53893,460820679382,9240,1792,850,1397,2024-03-12T00:00:00Z,4608.20679382,8550659.257825691,3y,2026-09-13T15:54:49Z
1710288000,53410,460004823055,9174,1785,846,1383,2024-03-13T00:00:00Z,4600.04823055,8612709.662141921,3y,2026-09-13T15:54:49Z
1710374400,53295,459234044127,9192,1790,850,1382,2024-03-14T00:00:00Z,4592.34044127,8616831.675147763,3y,2026-09-13T15:54:49Z
1710460800,53387,463209540175,9211,1792,848,1381,2024-03-15T00:00:00Z,4632.09540175,8676448.202277709,3y,2026-09-13T15:54:49Z
1710547200,53389,465504491716,9212,1794,851,1377,2024-03-16T00:00:00Z,4655.04491716,8719108.65002154,3y,2026-09-13T15:54:49Z
1710633600,53019,466245283430,9117,1765,847,1378,2024-03-17T00:00:00Z,4662.4528343,8793928.27910749,3y,2026-09-13T15:54:49Z
1710720000,53115,469571260076,9129,1767,843,1383,2024-03-18T00:00:00Z,4695.71260076,8840652.547792526,3y,2026-09-13T15:54:49Z
1710806400,52899,461890115226,9120,1767,848,1380,2024-03-19T00:00:00Z,4618.90115226,8731547.197981058,3y,2026-09-13T15:54:49Z
1710892800,52845,462789330912,9098,1761,846,1376,2024-03-20T00:00:00Z,4627.89330912,8757485.682883905,3y,2026-09-13T15:54:49Z
1710979200,52947,461978863789,9127,1765,848,1377,2024-03-21T00:00:00Z,4619.78863789,8725307.643284794,3y,2026-09-13T15:54:49Z
1711065600,52870,461078156526,9134,1768,851,1378,2024-03-22T00:00:00Z,4610.78156526,8720978.939398525,3y,2026-09-13T15:54:49Z
1711152000,49287,447831691148,8195,1633,723,1286,2024-03-23T00:00:00Z,4478.31691148,9086203.07886461,3y,2026-09-13T15:54:49Z
1711238400,52733,456988925923,9159,1776,849,1373,2024-03-24T00:00:00Z,4569.88925923,8666090.037035633,3y,2026-09-13T15:54:49Z
1711324800,52656,457425794593,9117,1778,852,1374,2024-03-25T00:00:00Z,4574.25794593,8687059.301750988,3y,2026-09-13T15:54:49Z
1711411200,52632,460937268854,9128,1774,856,1375,2024-03-26T00:00:00Z,4609.37268854,8757738.046321629,3y,2026-09-13T15:54:49Z
1711497600,52406,461315231854,9075,1770,847,1375,2024-03-27T00:00:00Z,4613.15231854,8802717.853948021,3y,2026-09-13T15:54:49Z
1711584000,52449,461439805030,9099,1769,844,1376,2024-03-28T00:00:00Z,4614.3980503,8797876.127857538,3y,2026-09-13T15:54:49Z
1711670400,52431,462571412244,9103,1769,845,1374,2024-03-29T00:00:00Z,4625.71412244,8822479.301253075,3y,2026-09-13T15:54:49Z
1711756800,41655,440229114400,5398,775,391,1085,2024-03-30T00:00:00Z,4402.291144,10568457.913815869,3y,2026-09-13T15:54:49Z
1711843200,51978,465005418371,9009,1758,861,1373,2024-03-31T00:00:00Z,4650.05418371,8946196.821174342,3y,2026-09-13T15:54:49Z
1711929600,51931,464907085459,9002,1752,853,1372,2024-04-01T00:00:00Z,4649.07085459,8952400.020392444,3y,2026-09-13T15:54:49Z
1712016000,51781,464514501839,9004,1748,851,1371,2024-04-02T00:00:00Z,4645.14501839,8970751.855680656,3y,2026-09-13T15:54:49Z
1712102400,51747,465412497897,8996,1747,838,1376,2024-04-03T00:00:00Z,4654.12497897,8993999.611513712,3y,2026-09-13T15:54:49Z
1712188800,51669,465013572053,9014,1749,848,1375,2024-04-04T00:00:00Z,4650.13572053,8999856.239776269,3y,2026-09-13T15:54:49Z
1712275200,51583,458654674212,9015,1751,855,1368,2024-04-05T00:00:00Z,4586.54674212,8891585.875424074,3y,2026-09-13T15:54:49Z
1712361600,51738,460223190752,9083,1751,844,1370,2024-04-06T00:00:00Z,4602.23190752,8895264.423673123,3y,2026-09-13T15:54:49Z
1712448000,51587,461305610374,9044,1748,843,1366,2024-04-07T00:00:00Z,4613.05610374,8942284.109833872,3y,2026-09-13T15:54:49Z
1712534400,51650,461304307758,9052,1748,842,1370,2024-04-08T00:00:00Z,4613.04307758,8931351.553881897,3y,2026-09-13T15:54:49Z
1712620800,51715,462126016763,9072,1747,844,1373,2024-04-09T00:00:00Z,4621.26016763,8936015.020071546,3y,2026-09-13T15:54:49Z
1712707200,51417,462179764720,8996,1733,840,1367,2024-04-10T00:00:00Z,4621.7976472,8988851.249975689,3y,2026-09-13T15:54:49Z
1712793600,51466,462585486141,9003,1730,850,1369,2024-04-11T00:00:00Z,4625.85486141,8988176.391034858,3y,2026-09-13T15:54:49Z
1712880000,51492,463475789378,9017,1732,852,1369,2024-04-12T00:00:00Z,4634.75789378,9000928.093257206,3y,2026-09-13T15:54:49Z
1712966400,42952,441320539264,5931,1226,535,1152,2024-04-13T00:00:00Z,4413.20539264,10274737.829763457,3y,2026-09-13T15:54:49Z
1713052800,51183,462852235936,8965,1729,844,1366,2024-04-14T00:00:00Z,4628.52235936,9043085.320047673,3y,2026-09-13T15:54:49Z
1713139200,51269,463872701730,8970,1728,850,1368,2024-04-15T00:00:00Z,4638.7270173,9047820.354015097,3y,2026-09-13T15:54:49Z
1713225600,51339,466493708713,8975,1720,848,1368,2024-04-16T00:00:00Z,4664.93708713,9086536.720874969,3y,2026-09-13T15:54:49Z
1713312000,51278,467714298777,8910,1705,837,1358,2024-04-17T00:00:00Z,4677.14298777,9121149.396953858,3y,2026-09-13T15:54:49Z
1713398400,51251,467974856014,8917,1704,838,1359,2024-04-18T00:00:00Z,4679.74856014,9131038.536106613,3y,2026-09-13T15:54:49Z
1713484800,51350,469671454903,8934,1705,842,1362,2024-04-19T00:00:00Z,4696.71454903,9146474.292171372,3y,2026-09-13T15:54:49Z
1713571200,49126,463883245181,8320,1615,764,1325,2024-04-20T00:00:00Z,4638.83245181,9442723.714143224,3y,2026-09-13T15:54:49Z
1713657600,51298,469777450940,8931,1721,845,1366,2024-04-21T00:00:00Z,4697.7745094,9157812.21373153,3y,2026-09-13T15:54:49Z
1713744000,51314,470719231277,8932,1721,845,1374,2024-04-22T00:00:00Z,4707.19231277,9173310.037747983,3y,2026-09-13T15:54:49Z
1713830400,51382,472445118614,8936,1722,849,1371,2024-04-23T00:00:00Z,4724.45118614,9194759.227239111,3y,2026-09-13T15:54:49Z
1713916800,51136,469957645223,8911,1723,846,1365,2024-04-24T00:00:00Z,4699.57645223,9190348.193503598,3y,2026-09-13T15:54:49Z
1714003200,51080,471702801105,8934,1723,847,1371,2024-04-25T00:00:00Z,4717.02801105,9234588.901820673,3y,2026-09-13T15:54:49Z
1714089600,51056,475634941977,8958,1742,849,1374,2024-04-26T00:00:00Z,4756.34941977,9315946.058778595,3y,2026-09-13T15:54:49Z
1714176000,40541,451414519340,5323,789,177,1095,2024-04-27T00:00:00Z,4514.1451934,11134765.283046791,3y,2026-09-13T15:54:49Z
1714262400,51427,476301863070,9120,1762,854,1386,2024-04-28T00:00:00Z,4763.0186307,9261708.111886753,3y,2026-09-13T15:54:49Z
1714348800,51347,480312333891,9121,1762,853,1387,2024-04-29T00:00:00Z,4803.12333891,9354243.361656962,3y,2026-09-13T15:54:49Z
1714435200,51363,480381734726,9135,1764,856,1385,2024-04-30T00:00:00Z,4803.81734726,9352680.620797072,3y,2026-09-13T15:54:49Z
1714521600,51266,482070010027,9106,1723,856,1376,2024-05-01T00:00:00Z,4820.70010027,9403308.431065423,3y,2026-09-13T15:54:49Z
1714608000,51326,482997628256,9128,1727,853,1375,2024-05-02T00:00:00Z,4829.97628256,9410389.047578225,3y,2026-09-13T15:54:49Z
1714694400,51382,484987227841,9139,1726,859,1374,2024-05-03T00:00:00Z,4849.87227841,9438854.615254369,3y,2026-09-13T15:54:49Z
1714780800,51406,485265392520,9136,1727,862,1375,2024-05-04T00:00:00Z,4852.6539252,9439859.014900984,3y,2026-09-13T15:54:49Z
1714867200,51229,486524121212,9076,1727,848,1368,2024-05-05T00:00:00Z,4865.24121212,9497045.056745203,3y,2026-09-13T15:54:49Z
1714953600,51262,487175384178,9076,1725,853,1367,2024-05-06T00:00:00Z,4871.75384178,9503635.913113028,3y,2026-09-13T15:54:49Z
1715040000,51360,488580577223,9100,1742,854,1370,2024-05-07T00:00:00Z,4885.80577223,9512861.706055297,3y,2026-09-13T15:54:49Z
1715126400,51187,489715141954,9047,1735,844,1374,2024-05-08T00:00:00Z,4897.15141954,9567178.0325864,3y,2026-09-13T15:54:49Z
1715212800,51199,489953411302,9057,1737,851,1375,2024-05-09T00:00:00Z,4899.53411302,9569589.470536534,3y,2026-09-13T15:54:49Z
1715299200,51184,489970761617,9073,1738,860,1375,2024-05-10T00:00:00Z,4899.70761617,9572732.916868553,3y,2026-09-13T15:54:49Z
1715385600,51138,490073089258,9051,1741,858,1373,2024-05-11T00:00:00Z,4900.73089258,9583344.856232157,3y,2026-09-13T15:54:49Z
1715472000,50888,490897843870,8984,1744,850,1365,2024-05-12T00:00:00Z,4908.9784387,9646632.680985695,3y,2026-09-13T15:54:49Z
1715558400,51050,492761608216,9011,1748,880,1365,2024-05-13T00:00:00Z,4927.61608216,9652529.054182174,3y,2026-09-13T15:54:49Z
1715644800,51033,490898488139,9012,1745,881,1366,2024-05-14T00:00:00Z,4908.98488139,9619236.33999569,3y,2026-09-13T15:54:49Z
1715731200,50907,493228069128,8980,1742,858,1363,2024-05-15T00:00:00Z,4932.28069128,9688806.433849962,3y,2026-09-13T15:54:49Z
1715817600,50867,491386584493,8963,1741,866,1368,2024-05-16T00:00:00Z,4913.86584493,9660223.415829517,3y,2026-09-13T15:54:49Z
1715904000,50838,491761945559,8964,1736,866,1369,2024-05-17T00:00:00Z,4917.61945559,9673117.46250836,3y,2026-09-13T15:54:49Z
1715990400,40820,470881269749,5375,784,178,1083,2024-05-18T00:00:00Z,4708.81269749,11535552.909088682,3y,2026-09-13T15:54:49Z
1716076800,50934,491884695771,8995,1740,854,1366,2024-05-19T00:00:00Z,4918.84695771,9657295.63299564,3y,2026-09-13T15:54:49Z
1716163200,51028,491616005177,9019,1740,861,1367,2024-05-20T00:00:00Z,4916.16005177,9634240.126538372,3y,2026-09-13T15:54:49Z
1716249600,51046,491855680810,9014,1737,860,1365,2024-05-21T00:00:00Z,4918.5568081,9635538.157935979,3y,2026-09-13T15:54:49Z
1716336000,50889,493110609186,8936,1732,854,1363,2024-05-22T00:00:00Z,4931.10609186,9689925.31167836,3y,2026-09-13T15:54:49Z
1716422400,50908,495263695957,8940,1729,853,1364,2024-05-23T00:00:00Z,4952.63695957,9728602.49778031,3y,2026-09-13T15:54:49Z
1716508800,50935,496453470378,8939,1727,854,1362,2024-05-24T00:00:00Z,4964.53470378,9746804.16958869,3y,2026-09-13T15:54:49Z
1716595200,51015,497676508178,8953,1727,856,1362,2024-05-25T00:00:00Z,4976.76508178,9755493.642614918,3y,2026-09-13T15:54:49Z
1716681600,50893,498310086604,8929,1702,848,1361,2024-05-26T00:00:00Z,4983.10086604,9791328.603226377,3y,2026-09-13T15:54:49Z
1716768000,50939,500223568501,8925,1706,851,1360,2024-05-27T00:00:00Z,5002.23568501,9820050.815701133,3y,2026-09-13T15:54:49Z
1716854400,50963,492695166226,8930,1705,857,1359,2024-05-28T00:00:00Z,4926.95166226,9667703.35784785,3y,2026-09-13T15:54:49Z
1716940800,50810,492097793990,8847,1716,857,1357,2024-05-29T00:00:00Z,4920.9779399,9685057.941153316,3y,2026-09-13T15:54:49Z
1717027200,50806,491742397821,8854,1719,854,1356,2024-05-30T00:00:00Z,4917.42397821,9678825.292701649,3y,2026-09-13T15:54:49Z
1717113600,50775,493460065745,8834,1720,855,1358,2024-05-31T00:00:00Z,4934.60065745,9718563.579419006,3y,2026-09-13T15:54:49Z
1717200000,48924,487732442031,8240,1701,782,1292,2024-06-01T00:00:00Z,4877.32442031,9969185.717255335,3y,2026-09-13T15:54:49Z
1717286400,51110,495484782683,8940,1741,868,1365,2024-06-02T00:00:00Z,4954.84782683,9694478.236802975,3y,2026-09-13T15:54:49Z
1717372800,51129,499894054555,8950,1743,871,1369,2024-06-03T00:00:00Z,4998.94054555,9777113.860138083,3y,2026-09-13T15:54:49Z
1717459200,51165,500451075077,8960,1743,874,1370,2024-06-04T00:00:00Z,5004.51075077,9781121.373536598,3y,2026-09-13T15:54:49Z
1717545600,51255,502271203609,8991,1748,872,1368,2024-06-05T00:00:00Z,5022.71203609,9799457.684303971,3y,2026-09-13T15:54:49Z
1717632000,51329,503399981085,9003,1749,883,1365,2024-06-06T00:00:00Z,5033.99981085,9807321.028755674,3y,2026-09-13T15:54:49Z
1717718400,51399,503956442166,9013,1752,896,1370,2024-06-07T00:00:00Z,5039.56442166,9804790.79682484,3y,2026-09-13T15:54:49Z
1717804800,41127,483862786641,5282,782,179,1073,2024-06-08T00:00:00Z,4838.62786641,11765088.303085564,3y,2026-09-13T15:54:49Z
1717891200,51367,504206914772,9062,1755,875,1374,2024-06-09T00:00:00Z,5042.06914772,9815775.00675531,3y,2026-09-13T15:54:49Z
1717977600,51422,505505355331,9092,1756,889,1370,2024-06-10T00:00:00Z,5055.05355331,9830526.920987125,3y,2026-09-13T15:54:49Z
1718064000,51516,507187167871,9098,1754,906,1375,2024-06-11T00:00:00Z,5071.87167871,9845235.807729637,3y,2026-09-13T15:54:49Z
1718150400,51381,507181192966,9084,1756,881,1373,2024-06-12T00:00:00Z,5071.81192966,9870987.193048013,3y,2026-09-13T15:54:49Z
1718236800,51421,507964362503,9112,1757,870,1375,2024-06-13T00:00:00Z,5079.64362503,9878539.166935688,3y,2026-09-13T15:54:49Z
1718323200,51630,509841654981,9155,1759,879,1377,2024-06-14T00:00:00Z,5098.41654981,9874911.000987798,3y,2026-09-13T15:54:49Z
1718409600,40920,486237553193,5296,786,182,1065,2024-06-15T00:00:00Z,4862.37553193,11882638.152321603,3y,2026-09-13T15:54:49Z
1718496000,51384,507280898847,9154,1753,880,1372,2024-06-16T00:00:00Z,5072.80898847,9872351.293145726,3y,2026-09-13T15:54:49Z
1718582400,51218,507833931792,9131,1750,878,1370,2024-06-17T00:00:00Z,5078.33931792,9915145.686906947,3y,2026-09-13T15:54:49Z
1718668800,51332,510488480957,9144,1753,892,1373,2024-06-18T00:00:00Z,5104.88480957,9944839.105372867,3y,2026-09-13T15:54:49Z
1718755200,51133,511245975596,9106,1761,871,1374,2024-06-19T00:00:00Z,5112.45975596,9998356.748010091,3y,2026-09-13T15:54:49Z
1718841600,51171,511914996064,9135,1763,880,1376,2024-06-20T00:00:00Z,5119.14996064,10004006.098454203,3y,2026-09-13T15:54:49Z
1718928000,51186,512697257275,9142,1761,893,1371,2024-06-21T00:00:00Z,5126.97257275,10016357.153811589,3y,2026-09-13T15:54:49Z
1719014400,42377,493750824727,5678,1300,380,1144,2024-06-22T00:00:00Z,4937.50824727,11651386.948745782,3y,2026-09-13T15:54:49Z
1719100800,51087,512578158352,9090,1762,873,1365,2024-06-23T00:00:00Z,5125.78158352,10033436.262689138,3y,2026-09-13T15:54:49Z
1719187200,51107,514915806627,9102,1760,878,1362,2024-06-24T00:00:00Z,5149.15806627,10075250.095427241,3y,2026-09-13T15:54:49Z
1719273600,51156,515362761562,9115,1762,892,1362,2024-06-25T00:00:00Z,5153.62761562,10074336.569747439,3y,2026-09-13T15:54:49Z
1719360000,51080,515911487823,9134,1764,870,1357,2024-06-26T00:00:00Z,5159.11487823,10100068.281577917,3y,2026-09-13T15:54:49Z
1719446400,51136,515753637656,9177,1765,872,1360,2024-06-27T00:00:00Z,5157.53637656,10085920.63626408,3y,2026-09-13T15:54:49Z
1719532800,51197,517136976332,9201,1765,875,1355,2024-06-28T00:00:00Z,5171.36976332,10100923.419966014,3y,2026-09-13T15:54:49Z
1719619200,51192,517433212100,9220,1766,873,1355,2024-06-29T00:00:00Z,5174.332121,10107696.75144554,3y,2026-09-13T15:54:49Z
1719705600,51118,518095661012,9216,1764,871,1349,2024-06-30T00:00:00Z,5180.95661012,10135288.176610978,3y,2026-09-13T15:54:49Z
1719792000,50984,519885237212,9223,1761,875,1351,2024-07-01T00:00:00Z,5198.85237212,10197027.247999372,3y,2026-09-13T15:54:49Z
1719878400,51002,520609095341,9225,1764,887,1351,2024-07-02T00:00:00Z,5206.09095341,10207621.178404769,3y,2026-09-13T15:54:49Z
1719964800,50927,521071198358,9221,1760,864,1349,2024-07-03T00:00:00Z,5210.71198358,10231727.734953953,3y,2026-09-13T15:54:49Z
1720051200,50871,521467454667,9227,1746,870,1346,2024-07-04T00:00:00Z,5214.67454667,10250780.497080851,3y,2026-09-13T15:54:49Z
1720137600,50787,520965968745,9241,1744,867,1350,2024-07-05T00:00:00Z,5209.65968745,10257860.648295823,3y,2026-09-13T15:54:49Z
1720224000,50822,522294427326,9242,1742,874,1351,2024-07-06T00:00:00Z,5222.94427326,10276935.723230097,3y,2026-09-13T15:54:49Z
1720310400,50687,523865729565,9220,1739,867,1348,2024-07-07T00:00:00Z,5238.65729565,10335307.46670744,3y,2026-09-13T15:54:49Z
1720396800,50654,523833611705,9184,1743,878,1346,2024-07-08T00:00:00Z,5238.33611705,10341406.635310143,3y,2026-09-13T15:54:49Z
1720483200,50650,524487567503,9185,1742,886,1346,2024-07-09T00:00:00Z,5244.87567503,10355134.600256663,3y,2026-09-13T15:54:49Z
1720569600,50604,525290643275,9154,1743,866,1347,2024-07-10T00:00:00Z,5252.90643275,10380417.4230298,3y,2026-09-13T15:54:49Z
1720656000,50611,525410006775,9162,1748,875,1346,2024-07-11T00:00:00Z,5254.10006775,10381340.158759953,3y,2026-09-13T15:54:49Z
1720742400,50574,529131303913,9146,1746,883,1347,2024-07-12T00:00:00Z,5291.31303913,10462516.390101634,3y,2026-09-13T15:54:49Z
1720828800,50628,530312017313,9143,1746,894,1343,2024-07-13T00:00:00Z,5303.12017313,10474678.385735167,3y,2026-09-13T15:54:49Z
1720915200,50381,528782787401,9097,1734,857,1329,2024-07-14T00:00:00Z,5287.82787401,10495678.676505031,3y,2026-09-13T15:54:49Z
1721001600,50579,531582691996,9146,1748,884,1335,2024-07-15T00:00:00Z,5315.82691996,10509948.634729829,3y,2026-09-13T15:54:49Z
1721088000,50593,532371171430,9136,1749,893,1340,2024-07-16T00:00:00Z,5323.7117143,10522625.094973613,3y,2026-09-13T15:54:49Z
1721174400,50623,533896449284,9147,1750,890,1339,2024-07-17T00:00:00Z,5338.96449284,10546519.354522647,3y,2026-09-13T15:54:49Z
1721260800,50453,533470987627,9117,1747,871,1342,2024-07-18T00:00:00Z,5334.70987627,10573622.730600758,3y,2026-09-13T15:54:49Z
1721347200,50479,533988074546,9122,1747,871,1345,2024-07-19T00:00:00Z,5339.88074546,10578420.225162938,3y,2026-09-13T15:54:49Z
1721433600,50418,533681778383,9122,1742,884,1342,2024-07-20T00:00:00Z,5336.81778383,10585143.765778095,3y,2026-09-13T15:54:49Z
1721520000,50291,533823925753,9084,1743,874,1341,2024-07-21T00:00:00Z,5338.23925753,10614700.955498995,3y,2026-09-13T15:54:49Z
1721606400,50341,534988726583,9090,1743,880,1339,2024-07-22T00:00:00Z,5349.88726583,10627296.370413778,3y,2026-09-13T15:54:49Z
1721692800,50215,528452708815,9046,1741,887,1336,2024-07-23T00:00:00Z,5284.52708815,10523801.828437718,3y,2026-09-13T15:54:49Z
1721779200,50108,527201105317,9045,1740,892,1332,2024-07-24T00:00:00Z,5272.01105317,10521296.106749421,3y,2026-09-13T15:54:49Z
1721865600,49995,528870044069,9034,1740,874,1328,2024-07-25T00:00:00Z,5288.70044069,10578458.727252726,3y,2026-09-13T15:54:49Z
1721952000,49770,528396353533,8976,1732,875,1320,2024-07-26T00:00:00Z,5283.96353533,10616764.18591521,3y,2026-09-13T15:54:49Z
1722038400,49746,528302461339,8972,1731,883,1325,2024-07-27T00:00:00Z,5283.02461339,10619998.820789611,3y,2026-09-13T15:54:49Z
1722124800,49501,527804063966,8914,1729,862,1321,2024-07-28T00:00:00Z,5278.04063966,10662492.959051332,3y,2026-09-13T15:54:49Z
1722211200,49625,529300760016,8977,1729,875,1321,2024-07-29T00:00:00Z,5293.00760016,10666010.277400503,3y,2026-09-13T15:54:49Z
1722297600,49594,529035731782,8968,1732,886,1323,2024-07-30T00:00:00Z,5290.35731782,10667333.382707587,3y,2026-09-13T15:54:49Z
1722384000,49088,494691314778,8971,1734,890,1325,2024-07-31T00:00:00Z,4946.91314778,10077642.494662646,3y,2026-09-13T15:54:49Z
1722470400,48971,495199215026,8960,1732,872,1325,2024-08-01T00:00:00Z,4951.99215026,10112091.136100957,3y,2026-09-13T15:54:49Z
1722556800,49044,498884257263,8962,1735,883,1324,2024-08-02T00:00:00Z,4988.84257263,10172177.172804013,3y,2026-09-13T15:54:49Z
1722643200,49029,500667707616,8943,1736,876,1324,2024-08-03T00:00:00Z,5006.67707616,10211664.680413634,3y,2026-09-13T15:54:49Z
1722729600,48917,500189788763,8915,1734,867,1316,2024-08-04T00:00:00Z,5001.89788763,10225275.236891061,3y,2026-09-13T15:54:49Z
1722816000,49001,504958582356,8921,1738,871,1317,2024-08-05T00:00:00Z,5049.58582356,10305066.883451357,3y,2026-09-13T15:54:49Z
1722902400,48932,504722402036,8932,1740,868,1321,2024-08-06T00:00:00Z,5047.22402036,10314771.5612687,3y,2026-09-13T15:54:49Z
1722988800,48952,505004991561,8943,1739,867,1321,2024-08-07T00:00:00Z,5050.04991561,10316330.110332571,3y,2026-09-13T15:54:49Z
1723075200,48883,505635168382,8904,1737,869,1320,2024-08-08T00:00:00Z,5056.35168382,10343783.490825031,3y,2026-09-13T15:54:49Z
1723161600,48951,506139593080,8914,1742,870,1317,2024-08-09T00:00:00Z,5061.3959308,10339719.169782028,3y,2026-09-13T15:54:49Z
1723248000,48959,506480134412,8908,1743,873,1317,2024-08-10T00:00:00Z,5064.80134412,10344985.281807227,3y,2026-09-13T15:54:49Z
1723334400,48477,505781490894,8804,1739,836,1309,2024-08-11T00:00:00Z,5057.81490894,10433432.161519896,3y,2026-09-13T15:54:49Z
1723420800,48866,507585813657,8905,1752,858,1313,2024-08-12T00:00:00Z,5075.85813657,10387300.242643146,3y,2026-09-13T15:54:49Z
1723507200,48890,508271385228,8905,1748,859,1314,2024-08-13T00:00:00Z,5082.71385228,10396223.874575578,3y,2026-09-13T15:54:49Z
1723593600,48916,508871419944,8916,1749,859,1316,2024-08-14T00:00:00Z,5088.71419944,10402964.672990432,3y,2026-09-13T15:54:49Z
1723680000,48772,504119588507,8896,1749,861,1312,2024-08-15T00:00:00Z,5041.19588507,10336250.071906012,3y,2026-09-13T15:54:49Z
1723766400,48679,504649469685,8902,1751,862,1317,2024-08-16T00:00:00Z,5046.49469685,10366882.427432774,3y,2026-09-13T15:54:49Z
1723852800,48627,505959439231,8910,1752,860,1315,2024-08-17T00:00:00Z,5059.59439231,10404907.545828449,3y,2026-09-13T15:54:49Z
1723939200,48539,506225058214,8888,1752,859,1307,2024-08-18T00:00:00Z,5062.25058214,10429243.664146356,3y,2026-09-13T15:54:49Z
1724025600,48540,504751859990,8858,1755,866,1311,2024-08-19T00:00:00Z,5047.5185999,10398678.615368769,3y,2026-09-13T15:54:49Z
1724112000,48633,505564427073,8877,1755,859,1317,2024-08-20T00:00:00Z,5055.64427073,10395501.553944852,3y,2026-09-13T15:54:49Z
1724198400,48720,502955868385,8893,1756,865,1317,2024-08-21T00:00:00Z,5029.55868385,10323396.313321019,3y,2026-09-13T15:54:49Z
1724284800,48614,500079996779,8865,1737,868,1316,2024-08-22T00:00:00Z,5000.79996779,10286748.606965072,3y,2026-09-13T15:54:49Z
1724371200,48771,505931918866,8881,1743,867,1319,2024-08-23T00:00:00Z,5059.31918866,10373622.006233212,3y,2026-09-13T15:54:49Z
1724457600,48886,507313579535,8892,1743,868,1322,2024-08-24T00:00:00Z,5073.13579535,10377481.887145605,3y,2026-09-13T15:54:49Z
1724544000,48794,508721482991,8854,1743,857,1317,2024-08-25T00:00:00Z,5087.21482991,10425902.426343404,3y,2026-09-13T15:54:49Z
1724630400,48766,510151712668,8854,1744,855,1319,2024-08-26T00:00:00Z,5101.51712668,10461217.091170078,3y,2026-09-13T15:54:49Z
1724716800,48635,510174204622,8859,1745,856,1320,2024-08-27T00:00:00Z,5101.74204622,10489857.193831602,3y,2026-09-13T15:54:49Z
1724803200,48615,510418319414,8881,1747,855,1325,2024-08-28T00:00:00Z,5104.18319414,10499194.063848607,3y,2026-09-13T15:54:49Z
1724889600,48424,511188636736,8843,1740,850,1322,2024-08-29T00:00:00Z,5111.88636736,10556514.057822566,3y,2026-09-13T15:54:49Z
1724976000,48470,512957578227,8853,1747,855,1323,2024-08-30T00:00:00Z,5129.57578227,10582991.091953786,3y,2026-09-13T15:54:49Z
1725062400,48494,514277372845,8861,1749,857,1325,2024-08-31T00:00:00Z,5142.77372845,10604969.127005402,3y,2026-09-13T15:54:49Z
1725148800,48514,515472781690,8858,1751,857,1319,2024-09-01T00:00:00Z,5154.7278169,10625237.698190212,3y,2026-09-13T15:54:49Z
1725235200,48598,515611777030,8871,1750,858,1320,2024-09-02T00:00:00Z,5156.1177703,10609732.438166179,3y,2026-09-13T15:54:49Z
1725321600,48677,516318407635,8887,1751,858,1319,2024-09-03T00:00:00Z,5163.18407635,10607030.17102533,3y,2026-09-13T15:54:49Z
1725408000,48721,516807641001,8897,1752,862,1318,2024-09-04T00:00:00Z,5168.07641001,10607492.47759693,3y,2026-09-13T15:54:49Z
1725494400,48788,516727787757,8902,1759,860,1320,2024-09-05T00:00:00Z,5167.27787757,10591288.590575552,3y,2026-09-13T15:54:49Z
1725580800,48695,516956435723,8806,1761,861,1319,2024-09-06T00:00:00Z,5169.56435723,10616211.84357737,3y,2026-09-13T15:54:49Z
1725667200,48639,517724934180,8823,1764,866,1319,2024-09-07T00:00:00Z,5177.2493418,10644234.753592797,3y,2026-09-13T15:54:49Z
1725753600,47906,516644348674,8590,1670,838,1315,2024-09-08T00:00:00Z,5166.44348674,10784543.662046507,3y,2026-09-13T15:54:49Z
1725840000,47948,516128817303,8598,1674,843,1314,2024-09-09T00:00:00Z,5161.28817303,10764345.067635773,3y,2026-09-13T15:54:49Z
1725926400,47948,516818130363,8600,1674,849,1316,2024-09-10T00:00:00Z,5168.18130363,10778721.330670727,3y,2026-09-13T15:54:49Z
1726012800,48042,518946133874,8621,1676,848,1319,2024-09-11T00:00:00Z,5189.46133874,10801926.103700928,3y,2026-09-13T15:54:49Z
1726099200,47787,519916702560,8571,1674,846,1312,2024-09-12T00:00:00Z,5199.1670256,10879877.426078223,3y,2026-09-13T15:54:49Z
1726185600,47934,522790077370,8593,1672,843,1310,2024-09-13T00:00:00Z,5227.9007737,10906456.32265198,3y,2026-09-13T15:54:49Z
1726272000,48000,525208590398,8596,1669,843,1314,2024-09-14T00:00:00Z,5252.08590398,10941845.633291667,3y,2026-09-13T15:54:49Z
1726358400,47901,524144671005,8571,1668,834,1313,2024-09-15T00:00:00Z,5241.44671005,10942249.034571303,3y,2026-09-13T15:54:49Z
1726444800,48076,526277649179,8594,1672,841,1310,2024-09-16T00:00:00Z,5262.77649179,10946785.281200599,3y,2026-09-13T15:54:49Z
1726531200,48104,526498760769,8603,1671,842,1310,2024-09-17T00:00:00Z,5264.98760769,10945009.994366372,3y,2026-09-13T15:54:49Z
1726617600,48199,527760417484,8611,1673,847,1313,2024-09-18T00:00:00Z,5277.60417484,10949613.425257785,3y,2026-09-13T15:54:49Z
1726704000,48100,527560308427,8579,1667,839,1302,2024-09-19T00:00:00Z,5275.60308427,10967989.78018711,3y,2026-09-13T15:54:49Z
1726790400,48144,527227636636,8588,1669,841,1305,2024-09-20T00:00:00Z,5272.27636636,10951055.928796943,3y,2026-09-13T15:54:49Z
1726876800,48153,527580100616,8603,1669,841,1299,2024-09-21T00:00:00Z,5275.80100616,10956328.79812265,3y,2026-09-13T15:54:49Z
1726963200,47755,526995754604,8482,1661,815,1290,2024-09-22T00:00:00Z,5269.95754604,11035404.76607685,3y,2026-09-13T15:54:49Z
1727049600,47974,528590390610,8572,1666,840,1293,2024-09-23T00:00:00Z,5285.9039061,11018268.032892818,3y,2026-09-13T15:54:49Z
1727136000,48159,529675463617,8590,1687,852,1293,2024-09-24T00:00:00Z,5296.75463617,10998473.050042568,3y,2026-09-13T15:54:49Z
1727222400,48081,530354595628,8573,1675,855,1285,2024-09-25T00:00:00Z,5303.54595628,11030440.207732784,3y,2026-09-13T15:54:49Z
1727308800,48042,530265082270,8557,1680,848,1286,2024-09-26T00:00:00Z,5302.6508227,11037531.374006078,3y,2026-09-13T15:54:49Z
1727395200,48045,531029452874,8566,1681,850,1289,2024-09-27T00:00:00Z,5310.29452874,11052751.646872723,3y,2026-09-13T15:54:49Z
1727481600,48011,531290410871,8576,1681,855,1289,2024-09-28T00:00:00Z,5312.90410871,11066014.2648768,3y,2026-09-13T15:54:49Z
1727568000,47695,529145852490,8499,1672,844,1279,2024-09-29T00:00:00Z,5291.4585249,11094367.386308838,3y,2026-09-13T15:54:49Z
1727654400,47890,530794300222,8558,1679,856,1287,2024-09-30T00:00:00Z,5307.94300222,11083614.537941115,3y,2026-09-13T15:54:49Z
1727740800,47872,525754081396,8568,1682,861,1286,2024-10-01T00:00:00Z,5257.54081396,10982496.686915107,3y,2026-09-13T15:54:49Z
1727827200,47925,527060447066,8591,1684,863,1286,2024-10-02T00:00:00Z,5270.60447066,10997609.745769432,3y,2026-09-13T15:54:49Z
1727913600,47873,527312848546,8576,1672,860,1288,2024-10-03T00:00:00Z,5273.12848546,11014827.743111983,3y,2026-09-13T15:54:49Z
1728000000,47881,527886898587,8555,1672,860,1289,2024-10-04T00:00:00Z,5278.86898587,11024976.474739458,3y,2026-09-13T15:54:49Z
1728086400,47886,527041751374,8556,1671,860,1288,2024-10-05T00:00:00Z,5270.41751374,11006176.155327236,3y,2026-09-13T15:54:49Z
1728172800,47395,524351233465,8452,1661,850,1275,2024-10-06T00:00:00Z,5243.51233465,11063429.337799346,3y,2026-09-13T15:54:49Z
1728259200,47752,526737653906,8545,1670,867,1282,2024-10-07T00:00:00Z,5267.37653906,11030693.03706651,3y,2026-09-13T15:54:49Z
1728345600,47745,525486471935,8545,1672,863,1279,2024-10-08T00:00:00Z,5254.86471935,11006104.76353545,3y,2026-09-13T15:54:49Z
1728432000,47803,526543280586,8544,1672,864,1279,2024-10-09T00:00:00Z,5265.43280586,11014858.493943894,3y,2026-09-13T15:54:49Z
1728518400,47762,527332855865,8520,1670,857,1278,2024-10-10T00:00:00Z,5273.32855865,11040845.355408065,3y,2026-09-13T15:54:49Z
1728604800,47786,527702254657,8534,1672,858,1282,2024-10-11T00:00:00Z,5277.02254657,11043030.482923869,3y,2026-09-13T15:54:49Z
1728691200,47874,528219127947,8574,1674,858,1283,2024-10-12T00:00:00Z,5282.19127947,11033528.177027196,3y,2026-09-13T15:54:49Z
1728777600,47728,527209490285,8533,1670,852,1274,2024-10-13T00:00:00Z,5272.09490285,11046125.760245558,3y,2026-09-13T15:54:49Z
1728864000,47730,526552413970,8561,1676,862,1278,2024-10-14T00:00:00Z,5265.5241397,11031896.374816677,3y,2026-09-13T15:54:49Z
1728950400,47746,530253930410,8573,1674,861,1278,2024-10-15T00:00:00Z,5302.5393041,11105724.676622126,3y,2026-09-13T15:54:49Z
1729036800,47794,530595039762,8577,1674,865,1275,2024-10-16T00:00:00Z,5305.95039762,11101708.159225008,3y,2026-09-13T15:54:49Z
1729123200,47732,531009538919,8550,1679,858,1271,2024-10-17T00:00:00Z,5310.09538919,11124812.262612084,3y,2026-09-13T15:54:49Z
1729209600,47765,531507877148,8554,1680,866,1270,2024-10-18T00:00:00Z,5315.07877148,11127559.450392546,3y,2026-09-13T15:54:49Z
1729296000,47693,532783019592,8549,1679,871,1270,2024-10-19T00:00:00Z,5327.83019592,11171094.701360786,3y,2026-09-13T15:54:49Z
1729382400,47156,531189306712,8344,1665,849,1256,2024-10-20T00:00:00Z,5311.89306712,11264511.551276613,3y,2026-09-13T15:54:49Z
1729468800,47946,524719937199,8695,1746,866,1273,2024-10-21T00:00:00Z,5247.19937199,10943977.332811913,3y,2026-09-13T15:54:49Z
1729555200,47995,525715478444,8707,1747,868,1277,2024-10-22T00:00:00Z,5257.15478444,10953546.795374518,3y,2026-09-13T15:54:49Z
1729641600,47939,526799330395,8710,1746,871,1276,2024-10-23T00:00:00Z,5267.99330395,10988951.175347839,3y,2026-09-13T15:54:49Z
1729728000,47156,527312312972,8531,1673,639,1275,2024-10-24T00:00:00Z,5273.12312972,11182295.211044194,3y,2026-09-13T15:54:49Z
1729814400,47206,527921351482,8521,1671,641,1275,2024-10-25T00:00:00Z,5279.21351482,11183352.783163156,3y,2026-09-13T15:54:49Z
1729900800,47229,528866863117,8516,1668,643,1274,2024-10-26T00:00:00Z,5288.66863117,11197926.340108832,3y,2026-09-13T15:54:49Z
1729987200,46813,527081318141,8379,1653,633,1260,2024-10-27T00:00:00Z,5270.81318141,11259293.746202977,3y,2026-09-13T15:54:49Z
1730073600,47116,530211083223,8476,1669,645,1268,2024-10-28T00:00:00Z,5302.11083223,11253312.74350539,3y,2026-09-13T15:54:49Z
1730160000,47162,531434064547,8478,1674,644,1268,2024-10-29T00:00:00Z,5314.34064547,11268268.193609262,3y,2026-09-13T15:54:49Z
1730246400,47111,526231722994,8473,1672,645,1273,2024-10-30T00:00:00Z,5262.31722994,11170039.332512576,3y,2026-09-13T15:54:49Z
1730332800,46917,527351444494,8430,1603,644,1274,2024-10-31T00:00:00Z,5273.51444494,11240093.025854168,3y,2026-09-13T15:54:49Z
1730419200,47059,526323839153,8447,1702,643,1275,2024-11-01T00:00:00Z,5263.23839153,11184339.640727596,3y,2026-09-13T15:54:49Z
1730505600,47038,526016410495,8451,1702,649,1277,2024-11-02T00:00:00Z,5260.16410495,11182797.110740252,3y,2026-09-13T15:54:49Z
1730592000,46802,527477379334,8380,1700,637,1267,2024-11-03T00:00:00Z,5274.77379334,11270402.532669544,3y,2026-09-13T15:54:49Z
1730678400,47032,530579614499,8433,1703,648,1274,2024-11-04T00:00:00Z,5305.79614499,11281247.118961558,3y,2026-09-13T15:54:49Z
1730764800,47114,532164818030,8443,1700,656,1278,2024-11-05T00:00:00Z,5321.6481803,11295258.692320755,3y,2026-09-13T15:54:49Z
1730851200,47109,533167892830,8447,1667,655,1277,2024-11-06T00:00:00Z,5331.6789283,11317750.17151712,3y,2026-09-13T15:54:49Z
1730937600,46791,533059253401,8425,1533,644,1281,2024-11-07T00:00:00Z,5330.59253401,11392345.822936034,3y,2026-09-13T15:54:49Z
1731024000,46849,529509535070,8435,1536,650,1285,2024-11-08T00:00:00Z,5295.0953507,11302472.519584196,3y,2026-09-13T15:54:49Z
1731110400,46830,529189373064,8448,1534,650,1287,2024-11-09T00:00:00Z,5291.89373064,11300221.50467649,3y,2026-09-13T15:54:49Z
1731196800,46753,528185701183,8439,1534,647,1284,2024-11-10T00:00:00Z,5281.85701183,11297364.900284473,3y,2026-09-13T15:54:49Z
1731283200,46727,525275912324,8438,1542,656,1281,2024-11-11T00:00:00Z,5252.75912324,11241378.909923598,3y,2026-09-13T15:54:49Z
1731369600,46698,526412813673,8440,1494,655,1280,2024-11-12T00:00:00Z,5264.12813673,11272705.761981241,3y,2026-09-13T15:54:49Z
1731456000,46723,526286138079,8435,1497,664,1282,2024-11-13T00:00:00Z,5262.86138079,11263962.889347859,3y,2026-09-13T15:54:49Z
1731542400,46716,526153723980,8430,1495,666,1283,2024-11-14T00:00:00Z,5261.5372398,11262816.250963267,3y,2026-09-13T15:54:49Z
1741392000,44172,482345333272,10571,2814,2016,1467,2025-03-08T00:00:00Z,4823.45333272,10919707.807479851,3y,2026-09-13T15:54:49Z
1741478400,43286,472489551919,10528,2813,2021,1461,2025-03-09T00:00:00Z,4724.89551919,10915528.159659011,3y,2026-09-13T15:54:49Z
1741564800,43121,469203803029,10530,2812,2023,1457,2025-03-10T00:00:00Z,4692.03803029,10881097.447392222,3y,2026-09-13T15:54:49Z
1741651200,43143,469903135384,10513,2809,2053,1450,2025-03-11T00:00:00Z,4699.03135384,10891758.463342836,3y,2026-09-13T15:54:49Z
1755388800,41692,379682015922,9815,3677,1927,1475,2025-08-17T00:00:00Z,3796.82015922,9106831.4286194,3y,2026-09-13T15:54:49Z
1755475200,41674,379500842886,9814,3682,1929,1475,2025-08-18T00:00:00Z,3795.00842886,9106417.499784037,3y,2026-09-13T15:54:49Z
1755561600,41674,380063729240,9807,3665,1926,1480,2025-08-19T00:00:00Z,3800.6372924,9119924.395066468,3y,2026-09-13T15:54:49Z
1755648000,41714,383533067815,9806,3676,1929,1480,2025-08-20T00:00:00Z,3835.33067815,9194348.847269502,3y,2026-09-13T15:54:49Z
1755734400,41696,382624448822,9808,3692,1933,1485,2025-08-21T00:00:00Z,3826.24448822,9176526.49707406,3y,2026-09-13T15:54:49Z
1755820800,41728,385313736374,9816,3700,1928,1487,2025-08-22T00:00:00Z,3853.13736374,9233937.317245016,3y,2026-09-13T15:54:49Z
1755907200,41613,385485509688,9799,3699,1935,1485,2025-08-23T00:00:00Z,3854.85509688,9263583.72835412,3y,2026-09-13T15:54:49Z
1755993600,41727,385478028616,9821,3715,1931,1487,2025-08-24T00:00:00Z,3854.78028616,9238095.923886213,3y,2026-09-13T15:54:49Z
1756080000,41762,388452176183,9825,3750,1927,1487,2025-08-25T00:00:00Z,3884.52176183,9301570.235692736,3y,2026-09-13T15:54:49Z
1756166400,41854,388011682731,9827,3812,1928,1489,2025-08-26T00:00:00Z,3880.11682731,9270599.768982654,3y,2026-09-13T15:54:49Z
1756252800,41432,388083154317,9825,3813,1929,1487,2025-08-27T00:00:00Z,3880.83154317,9366749.235301217,3y,2026-09-13T15:54:49Z
1756339200,41494,390840051532,9838,3834,1929,1487,2025-08-28T00:00:00Z,3908.40051532,9419194.378271557,3y,2026-09-13T15:54:49Z
1756425600,41559,390559565960,9833,3841,1929,1490,2025-08-29T00:00:00Z,3905.5956596,9397713.274140378,3y,2026-09-13T15:54:49Z
1756512000,41508,391767458285,9818,3863,1927,1489,2025-08-30T00:00:00Z,3917.67458285,9438360.27476631,3y,2026-09-13T15:54:49Z
1756598400,41569,392721895318,9833,3869,1928,1487,2025-08-31T00:00:00Z,3927.21895318,9447470.358151507,3y,2026-09-13T15:54:49Z
1756684800,41563,391598814428,9828,3871,1925,1494,2025-09-01T00:00:00Z,3915.98814428,9421813.017058441,3y,2026-09-13T15:54:49Z
1756771200,41581,394214164109,9788,3872,1924,1494,2025-09-02T00:00:00Z,3942.14164109,9480632.118251124,3y,2026-09-13T15:54:49Z
1756857600,41599,395679132524,9782,3892,1929,1497,2025-09-03T00:00:00Z,3956.79132524,9511746.25649655,3y,2026-09-13T15:54:49Z
1756944000,41571,395292996620,9781,3903,1928,1497,2025-09-04T00:00:00Z,3952.9299662,9508864.271246783,3y,2026-09-13T15:54:49Z
1757030400,41610,395627348627,9782,3913,1929,1499,2025-09-05T00:00:00Z,3956.27348627,9507987.229680365,3y,2026-09-13T15:54:49Z
1757116800,41532,397071457120,9761,3936,1930,1501,2025-09-06T00:00:00Z,3970.7145712,9560614.878166234,3y,2026-09-13T15:54:49Z
1757203200,41654,398383301581,9786,3967,1927,1502,2025-09-07T00:00:00Z,3983.83301581,9564106.726388821,3y,2026-09-13T15:54:49Z
1757289600,41524,398561410417,9760,3982,1931,1502,2025-09-08T00:00:00Z,3985.61410417,9598338.561241692,3y,2026-09-13T15:54:49Z
1757376000,41419,399798854124,9714,3994,1930,1503,2025-09-09T00:00:00Z,3997.98854124,9652547.239769189,3y,2026-09-13T15:54:49Z
1757462400,41430,400431089896,9709,4001,1928,1506,2025-09-10T00:00:00Z,4004.31089896,9665244.74767077,3y,2026-09-13T15:54:49Z
1757548800,41098,396123727505,9683,3999,1925,1493,2025-09-11T00:00:00Z,3961.23727505,9638515.925470825,3y,2026-09-13T15:54:49Z
1757635200,41167,398916311099,9679,3998,1926,1494,2025-09-12T00:00:00Z,3989.16311099,9690196.300410522,3y,2026-09-13T15:54:49Z
1757721600,41202,399398727004,9684,3998,1926,1493,2025-09-13T00:00:00Z,3993.98727004,9693673.292655697,3y,2026-09-13T15:54:49Z
1757808000,41335,398101152132,9691,4002,1918,1491,2025-09-14T00:00:00Z,3981.01152132,9631091.136615459,3y,2026-09-13T15:54:49Z
1757894400,41547,399535619689,9684,4020,1914,1495,2025-09-15T00:00:00Z,3995.35619689,9616473.384095121,3y,2026-09-13T15:54:49Z
1757980800,41579,401692756382,9675,4033,1911,1495,2025-09-16T00:00:00Z,4016.92756382,9660952.797854686,3y,2026-09-13T15:54:49Z
1758067200,41686,403201549581,9679,4049,1909,1499,2025-09-17T00:00:00Z,4032.01549581,9672349.219905963,3y,2026-09-13T15:54:49Z
1758153600,41609,403721464479,9670,4050,1912,1501,2025-09-18T00:00:00Z,4037.21464479,9702743.744838856,3y,2026-09-13T15:54:49Z
1758240000,41694,403414142817,9679,4059,1912,1503,2025-09-19T00:00:00Z,4034.14142817,9675592.23909915,3y,2026-09-13T15:54:49Z
1758326400,41754,404708283929,9683,4062,1912,1505,2025-09-20T00:00:00Z,4047.08283929,9692682.950831058,3y,2026-09-13T15:54:49Z
1758412800,41696,403918369519,9647,4064,1933,1502,2025-09-21T00:00:00Z,4039.18369519,9687221.064826362,3y,2026-09-13T15:54:49Z
1758499200,41801,405585212407,9671,4102,1908,1508,2025-09-22T00:00:00Z,4055.85212407,9702763.388603143,3y,2026-09-13T15:54:49Z
1758585600,41738,396943457536,9673,4110,1906,1508,2025-09-23T00:00:00Z,3969.43457536,9510361.242416982,3y,2026-09-13T15:54:49Z
1758672000,41780,397529853690,9662,4109,1907,1507,2025-09-24T00:00:00Z,3975.2985369,9514836.134274773,3y,2026-09-13T15:54:49Z
1758758400,41672,394390485212,9651,4114,1912,1507,2025-09-25T00:00:00Z,3943.90485212,9464160.23257823,3y,2026-09-13T15:54:49Z
1758844800,41532,395520641328,9648,4122,1915,1512,2025-09-26T00:00:00Z,3955.20641328,9523274.615429066,3y,2026-09-13T15:54:49Z
1758931200,41586,396376239450,9642,4124,1915,1515,2025-09-27T00:00:00Z,3963.7623945,9531482.697301976,3y,2026-09-13T15:54:49Z
1759017600,41608,395064304480,9642,4171,1912,1517,2025-09-28T00:00:00Z,3950.6430448,9494912.143818496,3y,2026-09-13T15:54:49Z
1759104000,41746,396520589825,9635,4181,1914,1526,2025-09-29T00:00:00Z,3965.20589825,9498409.184712308,3y,2026-09-13T15:54:49Z
1759190400,41641,389749282921,9633,4189,1916,1529,2025-09-30T00:00:00Z,3897.49282921,9359748.39511539,3y,2026-09-13T15:54:49Z
1759276800,41703,389154040695,9628,4218,1913,1531,2025-10-01T00:00:00Z,3891.54040695,9331559.856485145,3y,2026-09-13T15:54:49Z
1759363200,41679,389738682455,9624,4220,1909,1535,2025-10-02T00:00:00Z,3897.38682455,9350960.494613595,3y,2026-09-13T15:54:49Z
1759449600,41714,390362858391,9618,4222,1914,1534,2025-10-03T00:00:00Z,3903.62858391,9358077.82497483,3y,2026-09-13T15:54:49Z
1759536000,41717,389336798454,9624,4284,1917,1527,2025-10-04T00:00:00Z,3893.36798454,9332809.129467603,3y,2026-09-13T15:54:49Z
1759622400,41841,392309021398,9614,4296,1915,1523,2025-10-05T00:00:00Z,3923.09021398,9376186.549030855,3y,2026-09-13T15:54:49Z
1759708800,41919,392863183097,9627,4327,1916,1524,2025-10-06T00:00:00Z,3928.63183097,9371959.805744411,3y,2026-09-13T15:54:49Z
1759795200,41841,393315676975,9619,4328,1918,1527,2025-10-07T00:00:00Z,3933.15676975,9400245.619727062,3y,2026-09-13T15:54:49Z
1759881600,41831,394158421752,9626,4331,1914,1529,2025-10-08T00:00:00Z,3941.58421752,9422639.23291339,3y,2026-09-13T15:54:49Z
1759968000,41755,392600256615,9619,4333,1916,1530,2025-10-09T00:00:00Z,3926.00256615,9402472.916177703,3y,2026-09-13T15:54:49Z
1760054400,41798,393280827431,9621,4348,1917,1532,2025-10-10T00:00:00Z,3932.80827431,9409082.430522991,3y,2026-09-13T15:54:49Z
1760140800,41827,393808016612,9618,4356,1913,1531,2025-10-11T00:00:00Z,3938.08016612,9415162.852033375,3y,2026-09-13T15:54:49Z
1760227200,41837,394973955268,9608,4338,1912,1534,2025-10-12T00:00:00Z,3949.73955268,9440781.013648206,3y,2026-09-13T15:54:49Z
1760313600,41906,397062467473,9608,4362,1915,1533,2025-10-13T00:00:00Z,3970.62467473,9475074.392044099,3y,2026-09-13T15:54:49Z
1760400000,42008,409522402928,9581,4362,1911,1537,2025-10-14T00:00:00Z,4095.22402928,9748676.512283375,3y,2026-09-13T15:54:49Z
1760486400,42057,411098867688,9575,4370,1914,1542,2025-10-15T00:00:00Z,4110.98867688,9774802.474926885,3y,2026-09-13T15:54:49Z
1760572800,42073,412613824760,9577,4383,1914,1545,2025-10-16T00:00:00Z,4126.1382476,9807093.023078933,3y,2026-09-13T15:54:49Z
1760659200,42137,412971428959,9574,4394,1914,1548,2025-10-17T00:00:00Z,4129.71428959,9800684.172081543,3y,2026-09-13T15:54:49Z
1760745600,42150,412529025245,9575,4400,1910,1550,2025-10-18T00:00:00Z,4125.29025245,9787165.48623962,3y,2026-09-13T15:54:49Z
1760832000,42077,413400202127,9561,4393,1912,1552,2025-10-19T00:00:00Z,4134.00202127,9824849.730898116,3y,2026-09-13T15:54:49Z
1760918400,42137,414457261538,9554,4402,1913,1557,2025-10-20T00:00:00Z,4144.57261538,9835946.117141705,3y,2026-09-13T15:54:49Z
1761004800,42169,414187429028,9556,4400,1915,1559,2025-10-21T00:00:00Z,4141.87429028,9822083.260878844,3y,2026-09-13T15:54:49Z
1761091200,42162,412750830519,9544,4405,1914,1559,2025-10-22T00:00:00Z,4127.50830519,9789640.684004555,3y,2026-09-13T15:54:49Z
1761177600,42040,412681249326,9535,4406,1913,1565,2025-10-23T00:00:00Z,4126.81249326,9816395.083872503,3y,2026-09-13T15:54:49Z
1761264000,42015,413713849522,9510,4406,1914,1590,2025-10-24T00:00:00Z,4137.13849522,9846813.031583957,3y,2026-09-13T15:54:49Z
1761350400,42151,415407090983,9519,4405,1914,1594,2025-10-25T00:00:00Z,4154.07090983,9855213.185523475,3y,2026-09-13T15:54:49Z
1761436800,42239,418361957057,9525,4399,1915,1593,2025-10-26T00:00:00Z,4183.61957057,9904636.877222473,3y,2026-09-13T15:54:49Z
1761523200,42132,412373831743,9537,4408,1919,1594,2025-10-27T00:00:00Z,4123.73831743,9787663.337676825,3y,2026-09-13T15:54:49Z
1761609600,42167,412606945147,9532,4414,1915,1596,2025-10-28T00:00:00Z,4126.06945147,9785067.591884648,3y,2026-09-13T15:54:49Z
1761696000,42162,410384587485,9511,4413,1916,1599,2025-10-29T00:00:00Z,4103.84587485,9733518.037213605,3y,2026-09-13T15:54:49Z
1761782400,42091,411287259027,9510,4417,1915,1603,2025-10-30T00:00:00Z,4112.87259027,9771382.457698796,3y,2026-09-13T15:54:49Z
1761868800,42070,412803851955,9511,4417,1916,1607,2025-10-31T00:00:00Z,4128.03851955,9812309.292964108,3y,2026-09-13T15:54:49Z
1761955200,42074,413921567026,9509,4416,1918,1612,2025-11-01T00:00:00Z,4139.21567026,9837941.888719875,3y,2026-09-13T15:54:49Z
1762041600,42039,417777796651,9496,4416,1914,1618,2025-11-02T00:00:00Z,4177.77796651,9937862.381383954,3y,2026-09-13T15:54:49Z
1762128000,41834,430652111331,9478,4422,1921,1626,2025-11-03T00:00:00Z,4306.52111331,10294308.728091983,3y,2026-09-13T15:54:49Z
1762214400,41959,435377882820,9470,4423,1915,1636,2025-11-04T00:00:00Z,4353.7788282,10376269.282394718,3y,2026-09-13T15:54:49Z
1762300800,42169,449334323945,9448,4424,1917,1640,2025-11-05T00:00:00Z,4493.34323945,10655560.33923024,3y,2026-09-13T15:54:49Z
1762387200,42051,464124046606,9451,4425,1917,1645,2025-11-06T00:00:00Z,4641.24046606,11037170.260065159,3y,2026-09-13T15:54:49Z
1762473600,41971,464346807587,9439,4423,1917,1650,2025-11-07T00:00:00Z,4643.46807587,11063515.465130685,3y,2026-09-13T15:54:49Z
1762560000,42026,466537147714,9431,4426,1915,1656,2025-11-08T00:00:00Z,4665.37147714,11101155.182839194,3y,2026-09-13T15:54:49Z
1762646400,42069,470795570137,9424,4427,1916,1657,2025-11-09T00:00:00Z,4707.95570137,11191033.067983551,3y,2026-09-13T15:54:49Z
1762732800,41926,477879156587,9421,4427,1914,1665,2025-11-10T00:00:00Z,4778.79156587,11398157.625029815,3y,2026-09-13T15:54:49Z
1762819200,41857,483987307676,9417,4426,1914,1668,2025-11-11T00:00:00Z,4839.87307676,11562876.165898178,3y,2026-09-13T15:54:49Z
1762905600,42012,488765145528,9423,4431,1916,1665,2025-11-12T00:00:00Z,4887.65145528,11633941.386461012,3y,2026-09-13T15:54:49Z
1762992000,41906,460525908930,9419,4439,1916,1667,2025-11-13T00:00:00Z,4605.2590893,10989498.137020951,3y,2026-09-13T15:54:49Z
1763078400,41949,466477669159,9419,4440,1919,1671,2025-11-14T00:00:00Z,4664.77669159,11120114.166225655,3y,2026-09-13T15:54:49Z
1763164800,42030,474215486019,9428,4443,1917,1671,2025-11-15T00:00:00Z,4742.15486019,11282785.77251963,3y,2026-09-13T15:54:49Z
1763251200,42028,481455023133,9421,4440,1916,1673,2025-11-16T00:00:00Z,4814.55023133,11455577.784643572,3y,2026-09-13T15:54:49Z
1763337600,41951,481168299999,9397,4443,1920,1664,2025-11-17T00:00:00Z,4811.68299999,11469769.492956068,3y,2026-09-13T15:54:49Z
1763424000,42012,482126604778,9392,4447,1920,1662,2025-11-18T00:00:00Z,4821.26604778,11475926.039655337,3y,2026-09-13T15:54:49Z
1763510400,42149,499747339648,9395,4448,1921,1662,2025-11-19T00:00:00Z,4997.47339648,11856683.186979525,3y,2026-09-13T15:54:49Z
1763596800,42245,499689740169,9393,4450,1922,1663,2025-11-20T00:00:00Z,4996.89740169,11828375.90647414,3y,2026-09-13T15:54:49Z
1763683200,42316,501601889511,9389,4449,1923,1665,2025-11-21T00:00:00Z,5016.01889511,11853717.022190189,3y,2026-09-13T15:54:49Z
1763769600,42317,512549728427,9385,4454,1921,1671,2025-11-22T00:00:00Z,5125.49728427,12112147.0904601,3y,2026-09-13T15:54:49Z
1763856000,42343,512426575408,9378,4454,1920,1675,2025-11-23T00:00:00Z,5124.26575408,12101801.369954892,3y,2026-09-13T15:54:49Z
1763942400,42184,491258939118,9386,4460,1922,1678,2025-11-24T00:00:00Z,4912.58939118,11645622.489996208,3y,2026-09-13T15:54:49Z
1764028800,42136,498768215882,9392,4460,1921,1680,2025-11-25T00:00:00Z,4987.68215882,11837104.04124739,3y,2026-09-13T15:54:49Z
1764115200,42104,493977362458,9392,4455,1921,1680,2025-11-26T00:00:00Z,4939.77362458,11732314.327807333,3y,2026-09-13T15:54:49Z
1764201600,42169,524994650610,9389,4452,1921,1680,2025-11-27T00:00:00Z,5249.9465061,12449777.1018995,3y,2026-09-13T15:54:49Z
1764288000,42298,525932071029,9384,4512,1926,1682,2025-11-28T00:00:00Z,5259.32071029,12433970.188401343,3y,2026-09-13T15:54:49Z
1764374400,42328,537253075176,9383,4513,1924,1682,2025-11-29T00:00:00Z,5372.53075176,12692616.593649594,3y,2026-09-13T15:54:49Z
1764460800,42252,540833371785,9379,4516,1919,1682,2025-11-30T00:00:00Z,5408.33371785,12800183.9388668,3y,2026-09-13T15:54:49Z
1764547200,42186,543841399839,9346,4518,1927,1684,2025-12-01T00:00:00Z,5438.41399839,12891513.768525103,3y,2026-09-13T15:54:49Z
1764633600,42152,536750912139,9335,4598,1923,1687,2025-12-02T00:00:00Z,5367.50912139,12733699.756571455,3y,2026-09-13T15:54:49Z
1764720000,42160,533752450547,9341,4595,1924,1685,2025-12-03T00:00:00Z,5337.52450547,12660162.489255218,3y,2026-09-13T15:54:49Z
1764806400,42074,528847685452,9325,4604,1922,1686,2025-12-04T00:00:00Z,5288.47685452,12569465.357512953,3y,2026-09-13T15:54:49Z
1764892800,42126,528520171240,9320,4603,1927,1689,2025-12-05T00:00:00Z,5285.2017124,12546175.075725205,3y,2026-09-13T15:54:49Z
1764979200,42136,529903521552,9312,4599,1930,1692,2025-12-06T00:00:00Z,5299.03521552,12576028.136320487,3y,2026-09-13T15:54:49Z
1765065600,42127,531787464090,9304,4591,1930,1684,2025-12-07T00:00:00Z,5317.8746409,12623435.423600066,3y,2026-09-13T15:54:49Z
1765152000,42175,531697594503,9314,4595,1928,1689,2025-12-08T00:00:00Z,5316.97594503,12606937.628998222,3y,2026-09-13T15:54:49Z
1765238400,42217,531728041881,9314,4603,1927,1687,2025-12-09T00:00:00Z,5317.28041881,12595116.70372125,3y,2026-09-13T15:54:49Z
1765324800,42288,543177855649,9309,4609,1925,1691,2025-12-10T00:00:00Z,5431.77855649,12844727.95235055,3y,2026-09-13T15:54:49Z
1765411200,42343,546161416125,9315,4607,1928,1692,2025-12-11T00:00:00Z,5461.61416125,12898505.446590936,3y,2026-09-13T15:54:49Z
1765497600,42434,550882232984,9326,4611,1928,1689,2025-12-12T00:00:00Z,5508.82232984,12982095.324126879,3y,2026-09-13T15:54:49Z
1765584000,42279,552958590466,9319,4609,1928,1682,2025-12-13T00:00:00Z,5529.58590466,13078800.124553561,3y,2026-09-13T15:54:49Z
1765670400,42292,557750773014,9318,4612,1931,1684,2025-12-14T00:00:00Z,5577.50773014,13188091.672514897,3y,2026-09-13T15:54:49Z
1765756800,42140,553059632485,9306,4621,1932,1685,2025-12-15T00:00:00Z,5530.59632485,13124338.69209777,3y,2026-09-13T15:54:49Z
1765843200,42208,564135940500,9298,4622,1932,1685,2025-12-16T00:00:00Z,5641.359405,13365616.482657317,3y,2026-09-13T15:54:49Z
1765929600,42171,549693606671,9305,4623,1933,1686,2025-12-17T00:00:00Z,5496.93606671,13034872.463802138,3y,2026-09-13T15:54:49Z
1766016000,42225,554728632135,9295,4623,1933,1683,2025-12-18T00:00:00Z,5547.28632135,13137445.402841918,3y,2026-09-13T15:54:49Z
1766102400,41866,559828574103,9210,4620,1934,1607,2025-12-19T00:00:00Z,5598.28574103,13371914.539315913,3y,2026-09-13T15:54:49Z
1766188800,41888,558828758503,9210,4619,1934,1609,2025-12-20T00:00:00Z,5588.28758503,13341022.691534568,3y,2026-09-13T15:54:49Z
1766275200,41910,564896148504,9201,4598,1933,1610,2025-12-21T00:00:00Z,5648.96148504,13478791.422190407,3y,2026-09-13T15:54:49Z
1766361600,41967,562991486311,9206,4600,1934,1610,2025-12-22T00:00:00Z,5629.91486311,13415099.633307122,3y,2026-09-13T15:54:49Z
1766448000,42019,567848710313,9215,4616,1940,1604,2025-12-23T00:00:00Z,5678.48710313,13514093.869749399,3y,2026-09-13T15:54:49Z
1766534400,42088,577680918877,9217,4617,1936,1604,2025-12-24T00:00:00Z,5776.80918877,13725549.298541151,3y,2026-09-13T15:54:49Z
1766620800,42140,573295738210,9210,4619,1938,1608,2025-12-25T00:00:00Z,5732.9573821,13604550.028713811,3y,2026-09-13T15:54:49Z
1766707200,42101,571551244465,9206,4614,1943,1607,2025-12-26T00:00:00Z,5715.51244465,13575716.597349232,3y,2026-09-13T15:54:49Z
1766793600,41910,577473866736,9148,4586,1949,1607,2025-12-27T00:00:00Z,5774.73866736,13778904.002290623,3y,2026-09-13T15:54:49Z
1766880000,41911,587024036947,9208,4616,1936,1610,2025-12-28T00:00:00Z,5870.24036947,14006443.10436401,3y,2026-09-13T15:54:49Z
1766966400,41730,574769903913,9197,4615,1935,1607,2025-12-29T00:00:00Z,5747.69903913,13773541.910208482,3y,2026-09-13T15:54:49Z
1767052800,41642,575430176339,9178,4611,1934,1600,2025-12-30T00:00:00Z,5754.30176339,13818504.786969887,3y,2026-09-13T15:54:49Z
1767139200,41664,576867108166,9178,4612,1938,1596,2025-12-31T00:00:00Z,5768.67108166,13845696.720574116,3y,2026-09-13T15:54:49Z
1767225600,41687,576076803109,9173,4611,1943,1598,2026-01-01T00:00:00Z,5760.76803109,13819099.554033631,3y,2026-09-13T15:54:49Z
1767312000,41706,573821255419,9173,4613,1939,1606,2026-01-02T00:00:00Z,5738.21255419,13758721.896585623,3y,2026-09-13T15:54:49Z
1767398400,41823,574964551761,9169,4614,1937,1609,2026-01-03T00:00:00Z,5749.64551761,13747568.365755685,3y,2026-09-13T15:54:49Z
1767484800,41958,576565272497,9174,4613,1937,1611,2026-01-04T00:00:00Z,5765.65272497,13741486.069331236,3y,2026-09-13T15:54:49Z
1767571200,42005,570826850082,9176,4618,1936,1610,2026-01-05T00:00:00Z,5708.26850082,13589497.680799905,3y,2026-09-13T15:54:49Z
1767657600,42072,571977581094,9177,4626,1936,1610,2026-01-06T00:00:00Z,5719.77581094,13595207.765116943,3y,2026-09-13T15:54:49Z
1767916800,42237,569288641147,9175,4627,1935,1617,2026-01-09T00:00:00Z,5692.88641147,13478434.575064518,3y,2026-09-13T15:54:49Z
1768003200,41634,561386121212,9173,4629,1932,1616,2026-01-10T00:00:00Z,5613.86121212,13483838.238266801,3y,2026-09-13T15:54:49Z
1768089600,41577,557386131076,9173,4629,1933,1617,2026-01-11T00:00:00Z,5573.86131076,13406117.109844385,3y,2026-09-13T15:54:49Z
1768176000,41571,557116965627,9174,4627,1938,1618,2026-01-12T00:00:00Z,5571.16965627,13401577.196290683,3y,2026-09-13T15:54:49Z
1768262400,41335,523756851830,9174,4625,1939,1615,2026-01-13T00:00:00Z,5237.5685183,12671025.809362525,3y,2026-09-13T15:54:49Z
1768348800,41451,546114711957,9171,4627,1942,1615,2026-01-14T00:00:00Z,5461.14711957,13174946.610624593,3y,2026-09-13T15:54:49Z
1768435200,41500,553158786316,9172,4632,1938,1621,2026-01-15T00:00:00Z,5531.58786316,13329127.381108433,3y,2026-09-13T15:54:49Z
1768521600,41414,553721734827,9170,4640,1937,1622,2026-01-16T00:00:00Z,5537.21734827,13370399.739870574,3y,2026-09-13T15:54:49Z
1768608000,41311,551078919168,9163,4640,1935,1623,2026-01-17T00:00:00Z,5510.78919168,13339762.270775339,3y,2026-09-13T15:54:49Z
1768694400,41365,549922229496,9162,4644,1936,1625,2026-01-18T00:00:00Z,5499.22229496,13294384.85424876,3y,2026-09-13T15:54:49Z
1768780800,41340,531834681701,9165,4645,1939,1625,2026-01-19T00:00:00Z,5318.34681701,12864893.122907596,3y,2026-09-13T15:54:49Z
1768867200,41327,534051895956,9165,4642,1939,1625,2026-01-20T00:00:00Z,5340.51895956,12922590.460376993,3y,2026-09-13T15:54:49Z
1768953600,41233,535027013662,9120,4643,1943,1624,2026-01-21T00:00:00Z,5350.27013662,12975699.40731938,3y,2026-09-13T15:54:49Z
1769040000,41179,532610906852,9118,4647,1940,1631,2026-01-22T00:00:00Z,5326.10906852,12934041.789552927,3y,2026-09-13T15:54:49Z
1769126400,41173,533645075300,9116,4652,1936,1627,2026-01-23T00:00:00Z,5336.450753,12961044.259587593,3y,2026-09-13T15:54:49Z
1769212800,41035,525258711697,9119,4651,1934,1627,2026-01-24T00:00:00Z,5252.58711697,12800261.038065067,3y,2026-09-13T15:54:49Z
1769299200,41103,526477063433,9126,4653,1930,1627,2026-01-25T00:00:00Z,5264.77063433,12808725.967277328,3y,2026-09-13T15:54:49Z
1769385600,41001,528625784840,9121,4657,1936,1630,2026-01-26T00:00:00Z,5286.2578484,12892997.36201556,3y,2026-09-13T15:54:49Z
1769472000,41004,530791060991,9118,4661,1933,1628,2026-01-27T00:00:00Z,5307.91060991,12944860.52558287,3y,2026-09-13T15:54:49Z
1769558400,41061,533262377294,9116,4660,1936,1631,2026-01-28T00:00:00Z,5332.62377294,12987077.209371423,3y,2026-09-13T15:54:49Z
1769644800,41150,535818769955,9110,4658,1936,1644,2026-01-29T00:00:00Z,5358.18769955,13021112.27108141,3y,2026-09-13T15:54:49Z
1769731200,41144,535060559256,9100,4654,1939,1650,2026-01-30T00:00:00Z,5350.60559256,13004582.910169162,3y,2026-09-13T15:54:49Z
1769817600,41152,527653481776,9085,4658,1935,1650,2026-01-31T00:00:00Z,5276.53481776,12822061.668351477,3y,2026-09-13T15:54:49Z
1769904000,41215,528661618698,9089,4657,1934,1653,2026-02-01T00:00:00Z,5286.61618698,12826922.690719398,3y,2026-09-13T15:54:49Z
1769990400,41218,530042287612,9090,4657,1935,1654,2026-02-02T00:00:00Z,5300.42287612,12859485.846280752,3y,2026-09-13T15:54:49Z
1770076800,41090,519406954605,9079,4650,1932,1655,2026-02-03T00:00:00Z,5194.06954605,12640714.397785349,3y,2026-09-13T15:54:49Z
1770163200,41054,519460164662,9076,4645,1937,1652,2026-02-04T00:00:00Z,5194.60164662,12653095.061674867,3y,2026-09-13T15:54:49Z
1770249600,41070,519641069193,9072,4656,1938,1652,2026-02-05T00:00:00Z,5196.41069193,12652570.469758948,3y,2026-09-13T15:54:49Z
1770336000,41019,517045058196,9055,4653,1936,1652,2026-02-06T00:00:00Z,5170.45058196,12605013.730125064,3y,2026-09-13T15:54:49Z
1770422400,40979,519022775979,9053,4667,1940,1653,2026-02-07T00:00:00Z,5190.22775979,12665579.345005978,3y,2026-09-13T15:54:49Z
1770508800,40978,516921682080,9057,4671,1941,1654,2026-02-08T00:00:00Z,5169.2168208,12614614.722045977,3y,2026-09-13T15:54:49Z
1770595200,40967,511985650190,9056,4679,1941,1656,2026-02-09T00:00:00Z,5119.8565019,12497513.857250959,3y,2026-09-13T15:54:49Z
1770681600,40936,513696777532,9054,4677,1941,1659,2026-02-10T00:00:00Z,5136.96777532,12548778.03234317,3y,2026-09-13T15:54:49Z
1770768000,40930,509626214939,9056,4676,1944,1658,2026-02-11T00:00:00Z,5096.26214939,12451165.769337894,3y,2026-09-13T15:54:49Z
1770854400,40943,510366471401,9056,4673,1954,1657,2026-02-12T00:00:00Z,5103.66471401,12465292.514007278,3y,2026-09-13T15:54:49Z
1770940800,40994,510002614178,9053,4671,1962,1660,2026-02-13T00:00:00Z,5100.02614178,12440908.771478754,3y,2026-09-13T15:54:49Z
1771027200,41079,512413188734,9057,4665,1963,1663,2026-02-14T00:00:00Z,5124.13188734,12473847.67725602,3y,2026-09-13T15:54:49Z
1771113600,41141,510879648215,9051,4675,1960,1667,2026-02-15T00:00:00Z,5108.79648215,12417774.196422061,3y,2026-09-13T15:54:49Z
1771200000,41169,511510728093,9051,4674,1964,1669,2026-02-16T00:00:00Z,5115.10728093,12424657.584420316,3y,2026-09-13T15:54:49Z
1771286400,41056,508588392256,9052,4669,1964,1671,2026-02-17T00:00:00Z,5085.88392256,12387675.181605611,3y,2026-09-13T15:54:49Z
1771372800,41108,509235760125,9052,4676,1964,1675,2026-02-18T00:00:00Z,5092.35760125,12387753.238420745,3y,2026-09-13T15:54:49Z
1771459200,40990,503376891149,9053,4678,1961,1678,2026-02-19T00:00:00Z,5033.76891149,12280480.3890949,3y,2026-09-13T15:54:49Z
1771545600,41060,505852946240,9049,4679,1966,1677,2026-02-20T00:00:00Z,5058.5294624,12319847.692157818,3y,2026-09-13T15:54:49Z
1771632000,41067,505171438425,9053,4681,1968,1679,2026-02-21T00:00:00Z,5051.71438425,12301152.712031558,3y,2026-09-13T15:54:49Z
1771718400,41103,506755003940,9060,4681,1965,1680,2026-02-22T00:00:00Z,5067.5500394,12328905.528550228,3y,2026-09-13T15:54:49Z
1771804800,40919,493964356836,9054,4682,1967,1685,2026-02-23T00:00:00Z,4939.64356836,12071760.22962438,3y,2026-09-13T15:54:49Z
1771891200,40938,492599353721,9051,4682,1969,1688,2026-02-24T00:00:00Z,4925.99353721,12032814.346597293,3y,2026-09-13T15:54:49Z
1773014400,40317,486551428971,9006,4593,1971,1705,2026-03-09T00:00:00Z,4865.51428971,12068145.669841506,3y,2026-09-13T15:54:49Z
1773100800,40441,488015337721,9038,4626,1980,1709,2026-03-10T00:00:00Z,4880.15337721,12067341.00840731,3y,2026-09-13T15:54:49Z
1773187200,40495,486796405640,9034,4629,1981,1712,2026-03-11T00:00:00Z,4867.9640564,12021148.429188788,3y,2026-09-13T15:54:49Z
1773273600,40538,487793492758,9037,4630,1982,1708,2026-03-12T00:00:00Z,4877.93492758,12032993.555626819,3y,2026-09-13T15:54:49Z
1773360000,40555,489527795203,9036,4629,1981,1713,2026-03-13T00:00:00Z,4895.27795203,12070713.72711133,3y,2026-09-13T15:54:49Z
1773446400,40623,487538139162,9053,4629,1984,1716,2026-03-14T00:00:00Z,4875.38139162,12001529.654678384,3y,2026-09-13T15:54:49Z
1773532800,40733,488545706238,9062,4631,1985,1717,2026-03-15T00:00:00Z,4885.45706238,11993855.258340903,3y,2026-09-13T15:54:49Z
1773619200,40473,485702959371,9009,4598,1979,1714,2026-03-16T00:00:00Z,4857.02959371,12000666.107553184,3y,2026-09-13T15:54:49Z
1773705600,40679,487905900403,9049,4630,1984,1719,2026-03-17T00:00:00Z,4879.05900403,11994048.536173455,3y,2026-09-13T15:54:49Z
1773792000,40689,486709563691,9055,4629,1986,1719,2026-03-18T00:00:00Z,4867.09563691,11961698.829929465,3y,2026-09-13T15:54:49Z
1773878400,40743,486863022908,9054,4626,1992,1721,2026-03-19T00:00:00Z,4868.63022908,11949611.53837469,3y,2026-09-13T15:54:49Z
1773964800,40734,486872541781,9043,4628,1994,1722,2026-03-20T00:00:00Z,4868.72541781,11952485.436760446,3y,2026-09-13T15:54:49Z
1774051200,40848,489906280557,9051,4627,1998,1722,2026-03-21T00:00:00Z,4899.06280557,11993396.99757638,3y,2026-09-13T15:54:49Z
1774137600,40896,488796966268,9058,4628,1998,1722,2026-03-22T00:00:00Z,4887.96966268,11952194.988947574,3y,2026-09-13T15:54:49Z
1774224000,40866,489762616939,9041,4627,1997,1726,2026-03-23T00:00:00Z,4897.62616939,11984598.858195076,3y,2026-09-13T15:54:49Z
1774310400,40974,488707257041,9054,4627,2004,1722,2026-03-24T00:00:00Z,4887.07257041,11927252.819861375,3y,2026-09-13T15:54:49Z
1774396800,41049,489423414675,9049,4625,2005,1723,2026-03-25T00:00:00Z,4894.23414675,11922907.127457429,3y,2026-09-13T15:54:49Z
1774483200,41108,489586191033,9040,4636,2003,1725,2026-03-26T00:00:00Z,4895.86191033,11909754.574121825,3y,2026-09-13T15:54:49Z
1774569600,41045,490234729478,9036,4616,2003,1727,2026-03-27T00:00:00Z,4902.34729478,11943835.533633817,3y,2026-09-13T15:54:49Z
1774656000,41144,490691573942,9046,4636,2007,1728,2026-03-28T00:00:00Z,4906.91573942,11926200.027756173,3y,2026-09-13T15:54:49Z
1774742400,41208,491500114351,9054,4638,2006,1728,2026-03-29T00:00:00Z,4915.00114351,11927298.445714425,3y,2026-09-13T15:54:49Z
1774828800,41144,485610736061,9037,4635,1998,1726,2026-03-30T00:00:00Z,4856.10736061,11802710.870625122,3y,2026-09-13T15:54:49Z
1774915200,41217,486312054406,9049,4644,2001,1727,2026-03-31T00:00:00Z,4863.12054406,11798822.194871048,3y,2026-09-13T15:54:49Z
1775001600,41249,490187295385,9045,4646,2000,1728,2026-04-01T00:00:00Z,4901.87295385,11883616.46064147,3y,2026-09-13T15:54:49Z
1775088000,41277,490140038752,9042,4647,1999,1731,2026-04-02T00:00:00Z,4901.40038752,11874410.416260872,3y,2026-09-13T15:54:49Z
1775174400,41284,490373205321,9035,4643,1999,1729,2026-04-03T00:00:00Z,4903.73205321,11878044.891992055,3y,2026-09-13T15:54:49Z
1775260800,41306,491270798057,9039,4648,2003,1731,2026-04-04T00:00:00Z,4912.70798057,11893448.846584031,3y,2026-09-13T15:54:49Z
1775347200,41297,490904431810,9043,4646,2006,1730,2026-04-05T00:00:00Z,4909.0443181,11887169.329733394,3y,2026-09-13T15:54:49Z
1775433600,41142,488588169355,9009,4607,1996,1729,2026-04-06T00:00:00Z,4885.88169355,11875654.303509796,3y,2026-09-13T15:54:49Z
1775520000,41262,491076642433,9036,4641,2009,1734,2026-04-07T00:00:00Z,4910.76642433,11901426.06836799,3y,2026-09-13T15:54:49Z
1775606400,41282,488595164060,9038,4648,2011,1732,2026-04-08T00:00:00Z,4885.9516406,11835549.732571097,3y,2026-09-13T15:54:49Z
1775692800,41281,488712094964,9039,4646,2009,1734,2026-04-09T00:00:00Z,4887.12094964,11838668.999394394,3y,2026-09-13T15:54:49Z
1775779200,41260,488483864500,9029,4642,2007,1730,2026-04-10T00:00:00Z,4884.838645,11839162.978671838,3y,2026-09-13T15:54:49Z
1775865600,41195,487362291341,9021,4649,2018,1733,2026-04-11T00:00:00Z,4873.62291341,11830617.58322612,3y,2026-09-13T15:54:49Z
1775952000,41212,487396756951,9024,4646,2017,1734,2026-04-12T00:00:00Z,4873.96756951,11826573.739469087,3y,2026-09-13T15:54:49Z
1776038400,41148,486649032684,9012,4647,2019,1727,2026-04-13T00:00:00Z,4866.49032684,11826796.750364538,3y,2026-09-13T15:54:49Z
1776124800,41096,486996231200,9018,4651,2017,1732,2026-04-14T00:00:00Z,4869.962312,11850210.0253066,3y,2026-09-13T15:54:49Z
1776211200,41097,485683896627,9020,4648,2016,1732,2026-04-15T00:00:00Z,4856.83896627,11817989.06555223,3y,2026-09-13T15:54:49Z
1776816000,41024,486887068305,9022,4634,2018,1747,2026-04-22T00:00:00Z,4868.87068305,11868347.023815328,3y,2026-09-13T15:54:49Z
1776902400,41044,484903305758,9015,4638,2021,1751,2026-04-23T00:00:00Z,4849.03305758,11814231.20938505,3y,2026-09-13T15:54:49Z
1776988800,41054,484546071486,9022,4646,2018,1750,2026-04-24T00:00:00Z,4845.46071486,11802651.90933892,3y,2026-09-13T15:54:49Z
1777075200,41020,484145744372,9007,4643,2019,1748,2026-04-25T00:00:00Z,4841.45744372,11802675.386933204,3y,2026-09-13T15:54:49Z
1777161600,41205,486603925836,9021,4648,2014,1748,2026-04-26T00:00:00Z,4866.03925836,11809341.726392427,3y,2026-09-13T15:54:49Z
1777248000,41141,486324249811,9022,4656,2016,1750,2026-04-27T00:00:00Z,4863.24249811,11820914.654748304,3y,2026-09-13T15:54:49Z
1777334400,41077,484467703608,9020,4650,2011,1747,2026-04-28T00:00:00Z,4844.67703608,11794135.492075857,3y,2026-09-13T15:54:49Z
1777420800,41069,485012627739,9007,4655,2022,1743,2026-04-29T00:00:00Z,4850.12627739,11809701.422946747,3y,2026-09-13T15:54:49Z
1777507200,41073,483854759121,9017,4665,2012,1745,2026-04-30T00:00:00Z,4838.54759121,11780360.799576364,3y,2026-09-13T15:54:49Z
1777593600,41049,484307307748,9014,4667,2012,1745,2026-05-01T00:00:00Z,4843.07307748,11798272.98467685,3y,2026-09-13T15:54:49Z
1777680000,41149,486708259940,9014,4662,2014,1744,2026-05-02T00:00:00Z,4867.0825994,11827948.67287176,3y,2026-09-13T15:54:49Z
1777766400,41125,486553916756,9005,4665,2014,1742,2026-05-03T00:00:00Z,4865.53916756,11831098.279781155,3y,2026-09-13T15:54:49Z
1777852800,41080,482983187923,9008,4661,2013,1741,2026-05-04T00:00:00Z,4829.83187923,11757136.999099318,3y,2026-09-13T15:54:49Z
1777939200,41057,483355030227,9000,4657,2020,1742,2026-05-05T00:00:00Z,4833.55030227,11772780.043037727,3y,2026-09-13T15:54:49Z
1778025600,41104,485084726191,8998,4656,2011,1741,2026-05-06T00:00:00Z,4850.84726191,11801399.527807513,3y,2026-09-13T15:54:49Z
1778112000,41099,486890040575,8994,4654,2011,1736,2026-05-07T00:00:00Z,4868.90040575,11846761.249057155,3y,2026-09-13T15:54:49Z
1778198400,41076,490037906608,8993,4669,2007,1736,2026-05-08T00:00:00Z,4900.37906608,11930029.8619145,3y,2026-09-13T15:54:49Z
1778284800,40994,488191594897,8988,4674,2007,1732,2026-05-09T00:00:00Z,4881.91594897,11908854.829901937,3y,2026-09-13T15:54:49Z
1778371200,40974,487704711824,8986,4676,2002,1732,2026-05-10T00:00:00Z,4877.04711824,11902784.981305217,3y,2026-09-13T15:54:49Z
1778457600,40977,486754862805,8990,4671,2000,1736,2026-05-11T00:00:00Z,4867.54862805,11878733.50428289,3y,2026-09-13T15:54:49Z
1778544000,40923,487833077144,8982,4669,2003,1741,2026-05-12T00:00:00Z,4878.33077144,11920755.495540405,3y,2026-09-13T15:54:49Z
1778630400,40999,488625791027,8979,4673,2001,1750,2026-05-13T00:00:00Z,4886.25791027,11917992.902924461,3y,2026-09-13T15:54:49Z
1778716800,41028,488886449408,8976,4674,2002,1748,2026-05-14T00:00:00Z,4888.86449408,11915922.038802769,3y,2026-09-13T15:54:49Z
1778803200,41063,491047880418,8990,4677,2000,1748,2026-05-15T00:00:00Z,4910.47880418,11958402.464944111,3y,2026-09-13T15:54:49Z
1778889600,41063,490281711929,8990,4674,2008,1751,2026-05-16T00:00:00Z,4902.81711929,11939744.098799406,3y,2026-09-13T15:54:49Z
1778976000,41090,492711372558,8982,4677,2006,1754,2026-05-17T00:00:00Z,4927.11372558,11991028.77970309,3y,2026-09-13T15:54:49Z
1779062400,41100,489692493363,8987,4680,2003,1758,2026-05-18T00:00:00Z,4896.92493363,11914659.20591241,3y,2026-09-13T15:54:49Z
1779148800,41072,486596436486,8973,4687,2011,1760,2026-05-19T00:00:00Z,4865.96436486,11847400.576694585,3y,2026-09-13T15:54:49Z
1779235200,41143,489021438311,8981,4687,2001,1766,2026-05-20T00:00:00Z,4890.21438311,11885896.466251854,3y,2026-09-13T15:54:49Z
1779321600,41141,490716913456,8974,4696,2002,1767,2026-05-21T00:00:00Z,4907.16913456,11927685.60453076,3y,2026-09-13T15:54:49Z
1779408000,41224,490742989033,8980,4698,2004,1769,2026-05-22T00:00:00Z,4907.42989033,11904303.05242092,3y,2026-09-13T15:54:49Z
1779494400,41212,491424389121,8974,4701,2001,1771,2026-05-23T00:00:00Z,4914.24389121,11924303.336916432,3y,2026-09-13T15:54:49Z
1779580800,41192,491518660204,8981,4700,2001,1776,2026-05-24T00:00:00Z,4915.18660204,11932381.53534667,3y,2026-09-13T15:54:49Z
1779667200,41133,491401607052,8974,4678,2005,1779,2026-05-25T00:00:00Z,4914.01607052,11946651.278827218,3y,2026-09-13T15:54:49Z
1779753600,41096,490633630401,8971,4671,2007,1777,2026-05-26T00:00:00Z,4906.33630401,11938719.836504769,3y,2026-09-13T15:54:49Z
1779840000,41132,486004720051,8973,4675,2013,1779,2026-05-27T00:00:00Z,4860.04720051,11815732.76405232,3y,2026-09-13T15:54:49Z
1779926400,41096,487578850699,8965,4676,2014,1782,2026-05-28T00:00:00Z,4875.78850699,11864387.061976835,3y,2026-09-13T15:54:49Z
1780012800,41090,487782587155,8962,4679,2010,1784,2026-05-29T00:00:00Z,4877.82587155,11871077.808590898,3y,2026-09-13T15:54:49Z
1780099200,40994,488076953257,8962,4678,2012,1783,2026-05-30T00:00:00Z,4880.76953257,11906058.283090208,3y,2026-09-13T15:54:49Z
1780185600,40962,484822542986,8964,4679,2013,1781,2026-05-31T00:00:00Z,4848.22542986,11835909.940579074,3y,2026-09-13T15:54:49Z
1780272000,40938,482992709898,8962,4678,2015,1781,2026-06-01T00:00:00Z,4829.92709898,11798151.104059799,3y,2026-09-13T15:54:49Z
1780358400,40819,482308666679,8958,4680,2015,1776,2026-06-02T00:00:00Z,4823.08666679,11815788.399495333,3y,2026-09-13T15:54:49Z
1780444800,40868,484812124545,8958,4680,2016,1777,2026-06-03T00:00:00Z,4848.12124545,11862878.646985417,3y,2026-09-13T15:54:49Z
1780531200,40864,486259313276,8955,4682,2019,1778,2026-06-04T00:00:00Z,4862.59313276,11899454.612274863,3y,2026-09-13T15:54:49Z
1780617600,40902,488031099719,8953,4692,2022,1775,2026-06-05T00:00:00Z,4880.31099719,11931717.268568775,3y,2026-09-13T15:54:49Z
1780704000,40825,487784146394,8935,4696,2019,1776,2026-06-06T00:00:00Z,4877.84146394,11948172.599975506,3y,2026-09-13T15:54:49Z
1780790400,40887,490077288546,8940,4697,2022,1772,2026-06-07T00:00:00Z,4900.77288546,11986139.568713771,3y,2026-09-13T15:54:49Z
1780876800,40942,491142326899,8937,4692,2024,1776,2026-06-08T00:00:00Z,4911.42326899,11996051.167480826,3y,2026-09-13T15:54:49Z
1780963200,40905,487758168814,8939,4693,2028,1776,2026-06-09T00:00:00Z,4877.58168814,11924169.876885466,3y,2026-09-13T15:54:49Z
1781049600,40980,487982054928,8938,4698,2030,1777,2026-06-10T00:00:00Z,4879.82054928,11907810.027525622,3y,2026-09-13T15:54:49Z
1781136000,41034,486769058066,8942,4696,2026,1780,2026-06-11T00:00:00Z,4867.69058066,11862578.7899303,3y,2026-09-13T15:54:49Z
1781222400,40845,484615418519,8939,4694,2028,1778,2026-06-12T00:00:00Z,4846.15418519,11864742.771918228,3y,2026-09-13T15:54:49Z
1781308800,40777,483330014083,8937,4688,2028,1784,2026-06-13T00:00:00Z,4833.30014083,11853005.716040906,3y,2026-09-13T15:54:49Z
1781395200,40717,481192268922,8931,4691,2031,1783,2026-06-14T00:00:00Z,4811.92268922,11817969.61765356,3y,2026-09-13T15:54:49Z
1781481600,40678,480683696905,8936,4690,2028,1779,2026-06-15T00:00:00Z,4806.83696905,11816797.701583166,3y,2026-09-13T15:54:49Z
1781568000,40626,481062140428,8924,4675,2029,1778,2026-06-16T00:00:00Z,4810.62140428,11841238.133904396,3y,2026-09-13T15:54:49Z
1781654400,40650,480968820762,8935,4679,2023,1778,2026-06-17T00:00:00Z,4809.68820762,11831951.310258303,3y,2026-09-13T15:54:49Z
1781740800,40717,477644696657,8931,4678,2032,1780,2026-06-18T00:00:00Z,4776.44696657,11730842.072279392,3y,2026-09-13T15:54:49Z
1781827200,40717,476821095212,8928,4682,2031,1780,2026-06-19T00:00:00Z,4768.21095212,11710614.613355601,3y,2026-09-13T15:54:49Z
1781913600,40722,477839399554,8920,4682,2034,1784,2026-06-20T00:00:00Z,4778.39399554,11734182.985953538,3y,2026-09-13T15:54:49Z
1782000000,40679,477390892424,8921,4687,2032,1787,2026-06-21T00:00:00Z,4773.90892424,11735561.159910519,3y,2026-09-13T15:54:49Z
1782086400,40668,477976112382,8918,4685,2033,1797,2026-06-22T00:00:00Z,4779.76112382,11753125.611832399,3y,2026-09-13T15:54:49Z
1782172800,40573,474597097605,8909,4682,2029,1797,2026-06-23T00:00:00Z,4745.97097605,11697362.719172848,3y,2026-09-13T15:54:49Z
1782259200,40583,474325371679,8911,4684,2029,1798,2026-06-24T00:00:00Z,4743.25371679,11687784.828105364,3y,2026-09-13T15:54:49Z
1782345600,40634,474369865509,8912,4684,2028,1804,2026-06-25T00:00:00Z,4743.69865509,11674210.402839987,3y,2026-09-13T15:54:49Z
1782432000,40693,474144748666,8909,4691,2028,1801,2026-06-26T00:00:00Z,4741.44748666,11651752.111321358,3y,2026-09-13T15:54:49Z
1782518400,40638,474074938058,8904,4693,2027,1800,2026-06-27T00:00:00Z,4740.74938058,11665803.879570846,3y,2026-09-13T15:54:49Z
1782864000,40447,460529600899,8888,4691,2031,1794,2026-07-01T00:00:00Z,4605.29600899,11386001.456201943,3y,2026-09-13T15:54:49Z
1782950400,40470,461819200399,8885,4690,2032,1792,2026-07-02T00:00:00Z,4618.19200399,11411396.105732642,3y,2026-09-13T15:54:49Z
1783036800,40455,459814869680,8868,4688,2029,1794,2026-07-03T00:00:00Z,4598.1486968,11366082.55296008,3y,2026-09-13T15:54:49Z
1783123200,40316,457365681888,8860,4685,2031,1795,2026-07-04T00:00:00Z,4573.65681888,11344520.336541323,3y,2026-09-13T15:54:49Z
1783209600,40340,455970219353,8861,4687,2026,1799,2026-07-05T00:00:00Z,4559.70219353,11303178.466856718,3y,2026-09-13T15:54:49Z
1783296000,40343,456135384077,8861,4686,2028,1794,2026-07-06T00:00:00Z,4561.35384077,11306431.947971147,3y,2026-09-13T15:54:49Z
1783468800,40048,452531685221,8856,4682,2029,1799,2026-07-08T00:00:00Z,4525.31685221,11299732.4515831,3y,2026-09-13T15:54:49Z
1783555200,39886,448698525154,8837,4676,2023,1796,2026-07-09T00:00:00Z,4486.98525154,11249524.27302813,3y,2026-09-13T15:54:49Z
1783641600,39901,448731182767,8846,4680,2028,1803,2026-07-10T00:00:00Z,4487.31182767,11246113.700583946,3y,2026-09-13T15:54:49Z
1783728000,39832,446740446776,8842,4681,2028,1800,2026-07-11T00:00:00Z,4467.40446776,11215616.759791123,3y,2026-09-13T15:54:49Z
1783814400,39669,443770947620,8841,4681,2028,1793,2026-07-12T00:00:00Z,4437.7094762,11186844.831480501,3y,2026-09-13T15:54:49Z
1783900800,39816,448146126695,8840,4678,2029,1798,2026-07-13T00:00:00Z,4481.46126695,11255428.1368043,3y,2026-09-13T15:54:49Z
1783987200,39719,446428172165,8838,4677,2030,1793,2026-07-14T00:00:00Z,4464.28172165,11239662.936252171,3y,2026-09-13T15:54:49Z
1784073600,39678,445570677872,8838,4681,2033,1794,2026-07-15T00:00:00Z,4455.70677872,11229665.756136902,3y,2026-09-13T15:54:49Z
1784160000,39484,447860515294,8815,4684,2031,1794,2026-07-16T00:00:00Z,4478.60515294,11342835.459781177,3y,2026-09-13T15:54:49Z
1784246400,39398,447021175127,8827,4680,2034,1799,2026-07-17T00:00:00Z,4470.21175127,11346291.058607036,3y,2026-09-13T15:54:49Z
1784332800,39375,446506069687,8822,4680,2037,1799,2026-07-18T00:00:00Z,4465.06069687,11339836.690463493,3y,2026-09-13T15:54:49Z
1784419200,39322,448582161610,8819,4679,2035,1797,2026-07-19T00:00:00Z,4485.8216161,11407918.254666599,3y,2026-09-13T15:54:49Z
1784505600,39381,448201668866,8818,4681,2035,1795,2026-07-20T00:00:00Z,4482.01668866,11381165.253954953,3y,2026-09-13T15:54:49Z
1784592000,39257,446210749884,8793,4671,2037,1788,2026-07-21T00:00:00Z,4462.10749884,11366399.620042285,3y,2026-09-13T15:54:49Z
1784678400,39224,447791380938,8789,4671,2037,1785,2026-07-22T00:00:00Z,4477.91380938,11416259.966806037,3y,2026-09-13T15:54:49Z
1784764800,39235,447683107516,8795,4673,2040,1784,2026-07-23T00:00:00Z,4476.83107516,11410299.669070983,3y,2026-09-13T15:54:49Z
1784851200,39151,448389288166,8784,4677,2037,1782,2026-07-24T00:00:00Z,4483.89288166,11452818.271972619,3y,2026-09-13T15:54:49Z
1784937600,39125,445547399589,8785,4675,2042,1780,2026-07-25T00:00:00Z,4455.47399589,11387792.960741214,3y,2026-09-13T15:54:49Z
1785024000,39138,447439300735,8787,4676,2036,1776,2026-07-26T00:00:00Z,4474.39300735,11432349.653405897,3y,2026-09-13T15:54:49Z
1785110400,38928,434384861257,8785,4677,2040,1774,2026-07-27T00:00:00Z,4343.84861257,11158673.994476983,3y,2026-09-13T15:54:49Z
1785196800,39065,447896662688,8767,4678,2043,1774,2026-07-28T00:00:00Z,4478.96662688,11465420.777883016,3y,2026-09-13T15:54:49Z
1785283200,38916,450897986604,8748,4682,2041,1779,2026-07-29T00:00:00Z,4508.97986604,11586442.25007709,3y,2026-09-13T15:54:49Z
1785369600,38942,445004496160,8740,4684,2040,1774,2026-07-30T00:00:00Z,4450.0449616,11427366.241076473,3y,2026-09-13T15:54:49Z
1785456000,38449,435677286786,8700,4678,2037,1768,2026-07-31T00:00:00Z,4356.77286786,11331303.461364405,3y,2026-09-13T15:54:49Z
1785542400,38342,430611332267,8702,4681,2041,1761,2026-08-01T00:00:00Z,4306.11332267,11230799.965233946,3y,2026-09-13T15:54:49Z
1785628800,38328,431672038755,8692,4673,2046,1763,2026-08-02T00:00:00Z,4316.72038755,11262576.673841579,3y,2026-09-13T15:54:49Z
1785715200,37980,425994577609,8666,4655,2045,1767,2026-08-03T00:00:00Z,4259.94577609,11216286.930200106,3y,2026-09-13T15:54:49Z
1785801600,37648,422915743918,8564,4653,2045,1765,2026-08-04T00:00:00Z,4229.15743918,11233418.612356566,3y,2026-09-13T15:54:49Z
1785888000,37641,421535528471,8563,4655,2040,1763,2026-08-05T00:00:00Z,4215.35528471,11198839.788289364,3y,2026-09-13T15:54:49Z
1785974400,36990,421240134525,8470,4654,2041,1760,2026-08-06T00:00:00Z,4212.40134525,11387946.324006489,3y,2026-09-13T15:54:49Z
1786060800,35656,412904909811,8332,4635,2040,1740,2026-08-07T00:00:00Z,4129.04909811,11580236.420546332,3y,2026-09-13T15:54:49Z
1786147200,34455,403865187536,8231,4622,2029,1702,2026-08-08T00:00:00Z,4038.65187536,11721526.267189087,3y,2026-09-13T15:54:49Z
1786233600,34220,401092192540,8213,4623,2024,1695,2026-08-09T00:00:00Z,4010.9219254,11720987.508474575,3y,2026-09-13T15:54:49Z
1786320000,34491,403570230881,8218,4624,2024,1701,2026-08-10T00:00:00Z,4035.70230881,11700740.218636746,3y,2026-09-13T15:54:49Z
1786406400,34504,402392258338,8211,4635,2025,1693,2026-08-11T00:00:00Z,4023.92258338,11662191.58178762,3y,2026-09-13T15:54:49Z
1786492800,33415,381157334686,8146,4639,2015,1671,2026-08-12T00:00:00Z,3811.57334686,11406773.445638187,3y,2026-09-13T15:54:49Z
1786579200,33442,383689994806,8142,4641,2016,1673,2026-08-13T00:00:00Z,3836.89994806,11473296.896298068,3y,2026-09-13T15:54:49Z
1786665600,33349,383994498875,8133,4641,2015,1667,2026-08-14T00:00:00Z,3839.94498875,11514423.187351944,3y,2026-09-13T15:54:49Z
1786752000,33404,385434507543,8133,4642,2013,1666,2026-08-15T00:00:00Z,3854.34507543,11538573.450574782,3y,2026-09-13T15:54:49Z
1786838400,33439,387988237794,8138,4639,2012,1667,2026-08-16T00:00:00Z,3879.88237794,11602866.048446424,3y,2026-09-13T15:54:49Z
1786924800,33436,387652102085,8134,4637,2014,1666,2026-08-17T00:00:00Z,3876.52102085,11593853.992253859,3y,2026-09-13T15:54:49Z
1787011200,33339,384184412428,8131,4638,2014,1665,2026-08-18T00:00:00Z,3841.84412428,11523573.365367888,3y,2026-09-13T15:54:49Z
1787097600,33401,386215874570,8134,4639,2017,1665,2026-08-19T00:00:00Z,3862.1587457,11563003.340319153,3y,2026-09-13T15:54:49Z
1787184000,33378,382716599669,8132,4636,2018,1663,2026-08-20T00:00:00Z,3827.16599669,11466133.371352388,3y,2026-09-13T15:54:49Z
1787270400,33382,386150729064,8119,4617,2022,1669,2026-08-21T00:00:00Z,3861.50729064,11567633.127553772,3y,2026-09-13T15:54:49Z
1787356800,33336,387296106011,8127,4612,2024,1670,2026-08-22T00:00:00Z,3872.96106011,11617953.744030477,3y,2026-09-13T15:54:49Z
1787443200,33406,386754410143,8125,4612,2022,1665,2026-08-23T00:00:00Z,3867.54410143,11577393.586271927,3y,2026-09-13T15:54:49Z
1787529600,33444,389614239553,8122,4613,2025,1662,2026-08-24T00:00:00Z,3896.14239553,11649750.016535103,3y,2026-09-13T15:54:49Z
1787616000,33422,391725834457,8112,4615,2021,1658,2026-08-25T00:00:00Z,3917.25834457,11720598.242385255,3y,2026-09-13T15:54:49Z
1787702400,33187,388602387613,8018,4606,2022,1645,2026-08-26T00:00:00Z,3886.02387613,11709476.229035465,3y,2026-09-13T15:54:49Z
1787788800,33110,390294609233,7994,4604,2021,1640,2026-08-27T00:00:00Z,3902.94609233,11787816.648535186,3y,2026-09-13T15:54:49Z
1787875200,32905,381435129477,7985,4598,2025,1634,2026-08-28T00:00:00Z,3814.35129477,11592011.228597477,3y,2026-09-13T15:54:49Z
1787961600,32873,382875884791,7984,4597,2025,1636,2026-08-29T00:00:00Z,3828.75884791,11647123.316734098,3y,2026-09-13T15:54:49Z
1788048000,32679,379548807845,7986,4596,2026,1636,2026-08-30T00:00:00Z,3795.48807845,11614456.006762752,3y,2026-09-13T15:54:49Z
