node_capacity_btc,ppm,utilization,f_earned_sat,f_rebalancing_sat,onchain_amortized_sat,opex_sat,net_income_sat,apy_routing_pct,cost_of_capital_annual_pct,break_even_u,break_even_attainable
0.1,100.0,0.15,54750.0,16425.0,1045.0,389181.0,-351900.0,-3.519,2.3715,2.455481,False
0.1,464.0,0.15,254040.0,76212.0,1045.0,389181.0,-212397.0,-2.124,2.3715,0.529199,True
0.1,1000.0,0.15,547500.0,164250.0,1045.0,389181.0,-6975.0,-0.0698,2.3715,0.245548,True
1.0,100.0,0.15,547500.0,164250.0,10447.0,389181.0,-16378.0,-0.0164,2.3715,1.08459,False
1.0,464.0,0.15,2540400.0,762120.0,10447.0,389181.0,1378652.0,1.3787,2.3715,0.233748,True
1.0,1000.0,0.15,5475000.0,1642500.0,10447.0,389181.0,3432872.0,3.4329,2.3715,0.108459,True
10.0,100.0,0.15,5475000.0,1642500.0,104469.0,389181.0,3338850.0,0.3339,2.3715,0.947501,True
10.0,464.0,0.15,25404000.0,7621200.0,104469.0,389181.0,17289150.0,1.7289,2.3715,0.204203,True
10.0,1000.0,0.15,54750000.0,16425000.0,104469.0,389181.0,37831350.0,3.7831,2.3715,0.09475,True
